Assets	Ticker	Primary theme	Secondary theme	Beta	Instrument type	Price	Ave Entry	Realized Profit	Unrealized profit percentage	Unrealized Profit	Price Change	Realized from option	Option Exposure	Perc of Op Exp	Num of Stocks	Stock Exposure	Combined Exposure	Cost of current position	Percentage of portfolio
ALPHABET INC. (XNAS:GOOG)	GOOG	AI	Technology	1.0929	Stock	323.1	197.4729167	31.65708333	0.636173737	2889.422917	-0.024839	4148.03	0	0	23	7431.3	7431.3	4541.877083	0.046456287
HUT 8 CORP. (XNAS:HUT)	HUT	Bitcoin mining	AI	4.186	Stock	53.06	27.22696312	-2824.937093	0.948803462	2867.467093	0.192896	-390	0	0	111	5889.66	5889.66	3022.192907	0.036818825
"MARA HOLDINGS, INC. (XNAS:MARA)"	MARA	Bitcoin mining	AI	5.5401	Stock	8.24	10.45805461	0	-0.212090555	-1299.78	0.224368	0	0	0	586	4828.64	4828.64	6128.42	0.030185928
"TERADYNE, INC. (XNAS:TER)"	TER	Robotics	Semiconductor	1.7953	Stock	300.11	110.8137838	19.14837838	1.708237096	4921.701622	0.106886	3364	0	0	26	7802.86	7802.86	2881.158378	0.04877907
ENERGY TRANSFER UNT (XNYS:ET)	ET	Energy	Energy	2	ETF	17.96	17.03855072	-20.74202899	0.054080261	281.042029	0.005881	0	0	0	305	5477.8	5477.8	5196.757971	0.034244109
"THE ONCOLOGY INSTITUTE, INC. (XNAS:TOI)"	TOI	Health Care	Health Care: Value Care	0.1804	Stock	2.61	1.988254717	553.2693396	0.31270907	901.5306604	0.065306	0	0	0	1450	3784.5	3784.5	2882.96934	0.023658555
Nebius Group NV (XNAS:NBIS)	NBIS	AI	AI	-12.83	Stock	86.1	38.44428571	2129.471429	1.239604623	1906.228571	0.165561	1009	0	0	40	3444	3444	1537.771429	0.021529941
"ADVANCED MICRO DEVICES, INC. (XNAS:AMD)"	AMD	AI	AI inference	1.9632	Stock	208.44	135.435122	88.41219512	0.539039482	1314.087805	0.082805	1567	0	0	18	3751.92	3751.92	2437.832195	0.023454883
"VELO3D, INC. (XNAS:VELO)"	VELO	Defense	Industrials	1.9597	Stock	14.2	6.006903073	1216.288416	1.363946917	1908.991584	0.155411	0	0	0	233	3308.6	3308.6	1399.608416	0.020683497
"TIC SOLUTIONS, INC. (XNYS:TIC)"	TIC	Industrials	Industrials	0.532	Stock	9.555	12.60946612	-564.9701643	-0.242235959	-916.3398357	0.061667	0	12.96338897	0.000425764	300	2866.5	2879.463389	3782.839836	0.018000777
PROPETRO HOLDING CORP. (XNYS:PUMP)	PUMP	Energy	Energy	0.7267	Stock	11.24	7.032352941	127.7647059	0.59832706	1367.485294	0.045581	0	0	0	325	3653	3653	2285.514706	0.022836491
"MARVELL TECHNOLOGY, INC. (XNAS:MRVL)"	MRVL	AI	Connectivity	1.9762	Stock	80.28	77.56886598	426.0135052	0.034951317	111.1564948	0.081795	-1014	0	0	41	3291.48	3291.48	3180.323505	0.020576472
ENERGY SERVICES OF AMERICA CORPORATION (XNAS:ESOA)	ESOA	Energy	Energy	1.3969	Stock	9.42	9.908722707	-801.0049345	-0.049322473	-177.8950655	0.046667	0	0	0	364	3428.88	3428.88	3606.775066	0.021435419
ELI LILLY AND COMPANY (XNYS:LLY)	LLY	Health Care	Weight Loss	0.3945	Stock	1058.18	670.4133333	0	0.578399395	1163.3	0.036578	8507	0	0	3	3174.54	3174.54	2011.24	0.01984543
"LIGHTPATH TECHNOLOGIES, INC. (XNAS:LPTH)"	LPTH	Defense	Drone	0.9806	Stock	10.56	6.743209302	0	0.566019906	820.61	0.165563	0	0	0	215	2270.4	2270.4	1449.79	0.014193257
"ROBINHOOD MARKETS, INC. (XNAS:HOOD)"	HOOD	Financials	Crypto	2.4567	Stock	82.82	38.62942857	-834.9242857	1.143961303	1104.764286	0.139516	-371	0	0	25	2070.5	2070.5	965.7357143	0.012943596
"Aeluma, Inc. (XNAS:ALMU)"	ALMU	Semiconductor	Semiconductor	4.274	Stock	15.06	17.89325203	0	-0.158341928	-348.49	0.08658	0	0	0	123	1852.38	1852.38	2200.87	0.011580033
"OUSTER, INC. (XNAS:OUST)"	OUST	Robotics	Robotics	2.909	Stock	19.42	13.59212963	1621.693796	0.42876801	530.3362037	0.122543	0	0	0	91	1767.22	1767.22	1236.883796	0.01104766
TOWER SEMICONDUCTOR LTD (XNAS:TSEM)	TSEM	Semiconductor	Semiconductor: Foundry	0.8906	Stock	139.04	69.08461538	581.6923077	1.012604387	1399.107692	0.077161	0	0	0	20	2780.8	2780.8	1381.692308	0.01738399
Zeta Global Holdings Corp (XNYS:ZETA)	ZETA	Technology	AI Agents	1.2741	Stock	16.89	19.26878505	82.61	-0.123452778	-254.53	0.055625	0	0	0	107	1807.23	1807.23	2061.76	0.01129778
ON SEMICONDUCTOR CORPORATION (XNAS:ON)	ON	Semiconductor	Auto	1.5323	Stock	65.2	58.62745283	-890.8291509	0.112106988	230.0391509	0.033281	1055.92	0	0	35	2282	2282	2051.960849	0.014265774
BLOOM ENERGY CORPORATION (XNYS:BE)	BE	Energy	Energy	3.1297	Stock	143.085	56.801	-115.185	1.519057763	1294.26	0.047474	0	0	0	15	2146.275	2146.275	852.015	0.013417298
"AIRSCULPT TECHNOLOGIES, INC. (XNAS:AIRS)"	AIRS	Health Care	Health Care: Value Care	2.7201	Stock	2.27	4.787885906	-2663.444966	-0.525886781	-2316.455034	0.176166	0	0	0	920	2088.4	2088.4	4404.855034	0.013055496
"NEURONETICS, INC. (XNAS:STIM)"	STIM	Health Care	Health Care	0.8354	Stock	1.56	2.723285179	1465.338697	-0.427162454	-1279.613697	0.098592	0	0	0	1100	1716	1716	2995.613697	0.010727462
AMERICAN SUPERCONDUCTOR CORPORATION (XNAS:AMSC)	AMSC	Industrials	Industrials	3.0071	Stock	28.17	29.09195499	-786.9059187	-0.031691063	-55.68608129	0.085549	0	0	0	60.4	1701.468	1701.468	1757.154081	0.010636616
Novo Nordisk A/S (XNYS:NVO)	NVO	Health Care	Health Care	1.5009	Stock	47.675	51.6475	0	-0.07691563	-127.12	0.100023	0	0	0	32	1525.6	1525.6	1652.72	0.009537189
"NLIGHT, INC. (XNAS:LASR)"	LASR	Defense	Defense	2.3005	Stock	51.12	34.17510204	-18.95102041	0.495825819	660.8510204	0.109134	0	0	0	39	1993.68	1993.68	1332.82898	0.01246336
SCHMID Group NV (XNAS:SHMD)	SHMD	Semiconductor	Semiconductor	-0.678	Stock	10.42	6.475207373	0	0.609214871	856.02	0.146315	0	0	0	217	2261.14	2261.14	1405.12	0.014135369
NUTEX HEALTH INC. (XNAS:NUTX)	NUTX	Health Care	Health Care: Services	0.0186	Stock	99.9	85.79	17.2	0.164471384	141.1	-0.0203	0	0	0	10	999	999	857.9	0.006245183
AGEAGLE AERIAL SYSTEMS INC. (XNYS:UAVS)	UAVS	Defense	Drone	2.6884	Stock	1.08	1.262438514	566.7807432	-0.144512791	-178.7897432	0.113402	0	0	0	980	1058.4	1058.4	1237.189743	0.006616519
CIPHER MINING INC. (XNAS:CIFR)	CIFR	AI	AI infrastructure	2.9824	Stock	14.73	16.21666667	48.06666667	-0.091675231	-126.3666667	0.159843	0	0	0	85	1252.05	1252.05	1378.416667	0.007827109
LIBERTY ENERGY INC. (XNYS:LBRT)	LBRT	Energy	Energy	0.505	Stock	25.23	16.85315385	-28.32923077	0.497049171	586.3792308	0.063659	0	0	0	70	1766.1	1766.1	1179.720769	0.011040659
"TTM TECHNOLOGIES, INC. (XNAS:TTMI)"	TTMI	Semiconductor	Semiconductor	1.751	Stock	98.58	75.57142857	0	0.304461248	322.12	0.064809	0	0	0	14	1380.12	1380.12	1058	0.00862773
AMBARELLA INC (XNAS:AMBA)	AMBA	AI	Semiconductor	1.94	Stock	63.64	72.90714286	0	-0.127108847	-194.61	0.070479	0	0	0	21	1336.44	1336.44	1531.05	0.008354667
"MICRON TECHNOLOGY, INC. (XNAS:MU)"	MU	AI	Memory	1.5126	Stock	394.69	112.8851724	-541.9693103	2.496384791	1127.21931	0.030818	-4181	0	0	4	1578.76	1578.76	451.5406897	0.009869515
"EVERUS CONSTRUCTION GROUP, INC. (XNYS:ECG)"	ECG	Industrials	Industrials	1.889	Stock	97.29	44.49733333	0	1.186423156	791.89	0.093638	0	0	0	15	1459.35	1459.35	667.46	0.009123031
Indivior Pharmaceuticals Inc (XNAS:INDV)	INDV	Health Care	Opioid	1.1485	Stock	34.36	24.72137931	233.5724138	0.389890085	366.2675862	-0.002612	0	0	0	38	1305.68	1305.68	939.4124138	0.008162373
PBF ENERGY INC. (XNYS:PBF)	PBF	Energy	Refinery	0.4019	Stock	35.51	40.89727273	-70.30909091	-0.131726943	-215.4909091	0.029574	-790	0	0	40	1420.4	1420.4	1635.890909	0.008879538
"AMAZON.COM, INC. (XNAS:AMZN)"	AMZN	Robotics	Technology	1.3983	Stock	210.32	198.5164286	68.16214286	0.059458915	59.01785714	-0.055548	-1350	0	0	5	1051.6	1051.6	992.5821429	0.006574009
"HARROW, INC. (XNAS:HROW)"	HROW	Health Care	Health Care: Pharma	0.0841	Stock	47.32	36.438	491.922	0.298644272	261.168	0.027356	0	0	0	24	1135.68	1135.68	874.512	0.007099629
TERRESTRIAL ENERGY INC. (XNAS:IMSR)	IMSR	Nuclear	Nuclear	17.176	Stock	8.31	11.70738342	-171.5664249	-0.290191523	-332.9435751	0.122973	0	0	0	98	814.38	814.38	1147.323575	0.005091043
RAMBUS INC. (XNAS:RMBS)	RMBS	Semiconductor	Semiconductor	1.5281	Stock	107.1	46.38	180.6	1.309184994	607.2	0.091743	0	0	0	10	1071	1071	463.8	0.006695287
"SUPER MICRO COMPUTER, INC. (XNAS:SMCI)"	SMCI	AI	AI	1.5096	Stock	34.38	31.1	0	0.105466238	114.8	0.114425	-304	0	0	35	1203.3	1203.3	1088.5	0.007522351
BROADCOM INC. (XNAS:AVGO)	AVGO	AI	Semiconductor	1.2235	Stock	332.92	347.8933333	0	-0.043040012	-44.92	0.072172	-87	0	0	3	998.76	998.76	1043.68	0.006243683
"AXT, INC. (XNAS:AXTI)"	AXTI	Semiconductor	Semiconductor: Materials	1.9042	Stock	24.06	14.74	0	0.63229308	372.8	0.17768	0	0	0	40	962.4	962.4	589.6	0.006016381
"AST SPACEMOBILE, INC. (XNAS:ASTS)"	ASTS	Technology	Space	2.725	Stock	101.79	35.97340426	1148.064043	1.829590418	658.1659574	0.091348	0	0	0	10	1017.9	1017.9	359.7340426	0.006363335
ROCKET LAB CORPORATION (XNAS:RKLB)	RKLB	Defense	Industrials	2.1984	Stock	72.32	47.50454545	210.39	0.522380633	272.97	0.09047	0	0	0	11	795.52	795.52	522.55	0.004973141
"ASCENT SOLAR TECHNOLOGIES, INC. (XNAS:ASTI)"	ASTI	Solar	Space	1.2955	Stock	6.28	4.4	0	0.427272727	376	0.117438	0	0	0	200	1256	1256	880	0.007851802
TWILIO INC. (XNYS:TWLO)	TWLO	AI	Software	1.3123	Stock	115.02	120.8420313	-389.10375	-0.04817886	-46.57625	0.054746	0	0	0	8	920.16	920.16	966.73625	0.00575232
ANTERO RESOURCES CORPORATION (XNYS:AR)	AR	Energy	Natural Gas	0.5311	Stock	34.39	32.54047619	298.8642857	0.056837638	55.48571429	0.015953	0	0	0	30	1031.7	1031.7	976.2142857	0.006449605
"COREWEAVE, INC. (XNAS:CRWV)"	CRWV	AI	AI infrastructure	2.349	Stock	89.95	80.272	0	0.120565079	96.78	0.204956	653	0	0	10	899.5	899.5	802.72	0.005623166
Nokia Oyj (XNYS:NOK)	NOK	Connectivity	Technology	1.344	Stock	7.07	5.383956044	-62.06593407	0.313160795	227.6159341	0.030612	0	0	0	135	954.45	954.45	726.8340659	0.005966682
ASP ISOTOPES INC. (XNAS:ASPI)	ASPI	Nuclear	Industrials	2.028	Stock	5.815	4.263833646	1663.683365	0.363796171	155.1166354	0.115053	0	0	0	100	581.5	581.5	426.3833646	0.003635209
Glbl X Uranium ETF (ARCX:URA)	URA	Nuclear	Nuclear	0.431	ETF	52.16	31.07	0	0.678789829	295.26	0.062105	0	0	0	14	730.24	730.24	434.98	0.004565048
MOBILICOM LIMITED (XNAS:MOB)	MOB	Technology	Technology: Networking	2.1601	Stock	6.45	4.91	205.44	0.313645621	154	0.064356	0	0	0	100	645	645	491	0.004032175
"CLEARPOINT NEURO, INC. (XNAS:CLPT)"	CLPT	Health Care	Health Care: Equipment	1.0182	Stock	13.46	14.37	-37.2	-0.063326374	-42.77	0.070804	0	0	0	47	632.62	632.62	675.39	0.003954783
"UNUSUAL MACHINES, INC. (XNYS:UMAC)"	UMAC	Defense	Drone	3.516	Stock	12.77	13.425	-236.1	-0.048789572	-23.58	0.151488	0	0	0	36	459.72	459.72	483.3	0.00287391
"PIONEER POWER SOLUTIONS, INC. (XNAS:PPSI)"	PPSI	Energy	Energy: Battery	1.4381	Stock	4.17	4.6	0	-0.093478261	-53.75	0.071979	0	0	0	125	521.25	521.25	575	0.00325856
COMTECH TELECOMMUNICATIONS CORP. (XNAS:CMTL)	CMTL	Technology	Space	1.0095	Stock	5.7	3.185555556	-872.4444444	0.789326822	251.4444444	0.106796	0	0	0	100	570	570	318.5555556	0.003563318
"HALOZYME THERAPEUTICS, INC. (XNAS:HALO)"	HALO	Health Care	Health Care: Biotech	0.9641	Stock	81.23	52.5	66.36	0.547238095	229.84	0.035833	0	0	0	8	649.84	649.84	420	0.004062432
GAMESTOP CORP. (XNYS:GME)	GME	Meme	Entertainment	2.1104	Stock	24.98	24.76942029	-296.2850725	0.0085016	5.475072464	0.011746	-326.92	0	0	26	649.48	649.48	644.0049275	0.004060182
AEHR TEST SYSTEMS (XNAS:AEHR)	AEHR	Semiconductor	Auto	2.3097	Stock	26.39	13.24801431	2521.640286	0	262.8397138	0.147391	0	0	0	20	527.8	527.8	264.9602862	0.003299507
"ALIGNMENT HEALTHCARE, INC. (XNAS:ALHC)"	ALHC	Health Care	Health Care: Value Care	1.1688	Stock	21.75	13.66	186.27	0.592240117	169.89	0.028369	0	0	0	21	456.75	456.75	286.86	0.002855343
"INOTIV, INC. (XNAS:NOTV)"	NOTV	Health Care	Health Care	4.1783	Stock	0.4183	2.88242126	-1341.056673	-0.85487895	-2008.258827	0.072564	0	0	0	815	340.9145	340.9145	2349.173327	0.002131205
"EOS ENERGY ENTERPRISES, INC. (XNAS:EOSE)"	EOSE	Energy	Energy	2.1759	Stock	12.31	14.54772152	-106.291519	-0.153819381	-60.41848101	0.091312	0	0	0	27	332.37	332.37	392.788481	0.002077789
NAVITAS SEMICONDUCTOR CORPORATION (XNAS:NVTS)	NVTS	Semiconductor	Semiconductor	3.1652	Stock	8.86	4.14593819	-413.6346578	1.137031377	202.7046578	0.192463	0	0	0	43	380.98	380.98	178.2753422	0.002381672
IShares:Silver Trust (ARCX:SLV)	SLV	Gold and Silver	Commodity	1.5407	ETF	70.19	89.378	0	-0.214683703	-95.94	0.052482	0	0	0	5	350.95	350.95	446.89	0.002193941
COGNEX CORPORATION (XNAS:CGNX)	CGNX	AI	Technology	1.522	Stock	42.37	43.26	12.3	-0.020573278	-8.9	0.07293	395	0	0	10	423.7	423.7	432.6	0.002648733
"SOLARIS ENERGY INFRASTRUCTURE, INC. (XNYS:SEI)"	SEI	Energy	Energy	1.1282	Stock	51.56	25.79859649	-156.8798246	0.998558333	180.3298246	0.118196	0	0	0	7	360.92	360.92	180.5901754	0.002256268
INSEEGO CORP. (XNAS:INSG)	INSG	Connectivity	Technology	1.2193	Stock	10.48	10.89692308	-257.5923077	-0.038260624	-12.50769231	0.063959	0	0	0	30	314.4	314.4	326.9076923	0.001965451
"Taiwan Semiconductor Manufacturing Co., Ltd. (XNYS:TSM)"	TSM	AI	Semiconductor	1.4361	Stock	348.85	166.744	614.544	1.092129252	182.106	0.054788	-445	0	0	1	348.85	348.85	166.744	0.002180813
Allient Inc. (XNAS:ALNT)	ALNT	Robotics	Robotics	1.5198	Stock	65.74	39.92	32.7	0.646793587	129.1	0.058445	0	0	0	5	328.7	328.7	199.6	0.002054847
"ALPHA TEKNOVA, INC. (XNAS:TKNO)"	TKNO	Health Care	Health Care	0.4188	Stock	2.25	6.173014633	-1705.109481	-0.635510341	-325.7153474	-0.021739	0	0	0	83.026799	186.8102978	186.8102978	512.5256452	0.001167832
"SELECT WATER SOLUTIONS, INC. (XNYS:WTTR)"	WTTR	Energy	Energy	0.9849	Stock	12.895	10.81	0	0.192876966	52.125	0.072795	0	0	0	25	322.375	322.375	270.25	0.002015306
"CLEANSPARK, INC. (XNAS:CLSK)"	CLSK	Crypto	Crypto	3.5129	Stock	10.08	13.35087719	285.5649123	-0.24499343	-55.60491228	0.219601	0	0	0	17	171.36	171.36	226.9649123	0.001071246
"SEMLER SCIENTIFIC, INC. (XNAS:SMLR)"	SMLR	Crypto	Crypto Treasury	1.3235	Stock	20.33	34.915	0	-0.41772877	-145.85	0	0	0	0	10	203.3	203.3	349.15	0.001270917
"CHENIERE ENERGY, INC. (XNYS:LNG)"	LNG	Energy	Energy	0.2675	Stock	213.16	168.12	65.95	0.267903878	45.04	0.01512	0	0	0	1	213.16	213.16	168.12	0.001332556
"USA RARE EARTH, INC. (XNAS:USAR)"	USAR	Rare Earth	Industrials	-1.778	Stock	21.84	13.63	0	0.602347762	82.1	0.060194	0	0	0	10	218.4	218.4	136.3	0.001365313
QUALCOMM INCORPORATED (XNAS:QCOM)	QCOM	AI	Semiconductor	1.2481	Stock	137.34	166.7287931	-973.4412069	-0.176267054	-29.3887931	0.00763	-2176	0	0	1	137.34	137.34	166.7287931	0.000858572
"LUMEN TECHNOLOGIES, INC. (XNYS:LUMN)"	LUMN	Technology	Technology: Networking	1.5472	Stock	8.055	4.7	0	0.713829787	57.035	0.292937	0	0	0	17	136.935	136.935	79.9	0.00085604
NEW FORTRESS ENERGY INC. (XNAS:NFE)	NFE	Energy	Natural Gas	0.9931	Stock	1.26	1.502365039	-75.82349614	-0.161322337	-24.23650386	0.016129	0	0	0	100	126	126	150.2365039	0.000787681
"PAYPAL HOLDINGS, INC. (XNAS:PYPL)"	PYPL	Financials	Payments	1.4409	Stock	40.42	66.64596413	460.0359641	-0.393511662	-26.22596413	0.013033	209	0	0	1	40.42	40.42	66.64596413	0.000252683
Nu Holdings Ltd (XNYS:NU)	NU	Financials	Brazil	1.0874	Stock	17.39	12	7.98	0.449166667	16.17	0.034503	0	0	0	3	52.17	52.17	36	0.000326137
"ARQ, INC. (XNAS:ARQ)"	ARQ	SmallCap	Energy	1.9681	Stock	3.52	6.08	6.5	-0.421052632	-25.6	-0.002833	0	0	0	10	35.2	35.2	60.8	0.000220051
"WW International, Inc. (OTCM:WGHTQ)"	WGHTQ	Health Care	Health Care: GLP1	6.016	Stock	0.307	30.85982558	-516.0306977	-0.990051791	-122.2113023	0.060449	0	0	0	4	1.228	1.228	123.4393023	7.67676E-06
"KRATOS DEFENSE & SECURITY SOLUTIONS, INC. (XNAS:KTOS)"	KTOS	Defense	Drone	1.1053	Stock	94.41	31.6261157	5145.17	1.985191128	0	0.107449	1040	0	0	0	0	0	0	0
FINANCE OF AMERICA COMPANIES INC. (XNYS:FOA)	FOA	Financials	Financials	1.6395	Stock	21.88	24.0462069	-346.84	-0.090085181	0	0.00367	0	0	0	0	0	0	0	0
"FIRST SOLAR, INC. (XNAS:FSLR)"	FSLR	Industrials	Electronics	1.6305	Stock	218.73	171.0827778	936.94	0.278503908	0	-0.066692	95	0	0	0	0	0	0	0
DEFI DEVELOPMENT CORP. (XNAS:DFDV)	DFDV	Crypto	Crypto	5.183	Stock	3.7	16.85301876	720.52174	-0.780454763	0	0.235392	-96	0	0	0	0	0	0	0
dLocal Ltd (XNAS:DLO)	DLO	Financials	Payments	1.126	Stock	13.18	13.39676606	-294.39	-0.016180476	0	0.028081	0	0	0	0	0	0	0	0
"BILL HOLDINGS, INC. (XNYS:BILL)"	BILL	Financials	Payments	1.2467	Stock	48.94	52.39960396	681.13	-0.066023475	0	0.371637	0	0	0	0	0	0	0	0
"AMERICAN EAGLE OUTFITTERS, INC. (XNYS:AEO)"	AEO	Consumer Discretionary	Consumer Discretionary	1.382	Stock	23.76	11.63095238	782.15	1.042824974	0	0.029017	0	0	0	0	0	0	0	0
"UNIVERSAL TECHNICAL INSTITUTE, INC. (XNYS:UTI)"	UTI	Education	Education	1.3782	Stock	25.52	26.90571429	104.06	-0.051502602	0	0.031111	0	0	0	0	0	0	0	0
UNITEDHEALTH GROUP INCORPORATED (XNYS:UNH)	UNH	Health Care	Health Care	0.4192	Stock	276.565	269.5620408	365.76	0.025979026	0	0.029845	4342	0	0	0	0	0	0	0
"ARGAN, INC. (XNYS:AGX)"	AGX	Industrials	Utilities	0.6151	Stock	352.09	137.2772222	1116.99	1.564810056	0	0.017689	0	0	0	0	0	0	0	0
"FREQUENCY ELECTRONICS, INC. (XNAS:FEIM)"	FEIM	Defense	Technology	0.3493	Stock	52.23	31.025	4.33	0.683481064	0	0.078686	0	0	0	0	0	0	0	0
"NETGEAR, INC. (XNAS:NTGR)"	NTGR	Connectivity	Technology	1.1593	Stock	20.5	21.24684211	171.45	-0.035150734	0	0.031706	0	0	0	0	0	0	0	0
EXAGEN INC. (XNAS:XGN)	XGN	Health Care	Health Care	1.8853	Stock	3.51	7.260240964	506	-0.516544972	0	0.044643	0	0	0	0	0	0	0	0
"TEMPUS AI, INC (XNAS:TEM)"	TEM	Health Care	Health Care	3.16	Stock	54.91	59.84103448	150.81	-0.082402227	0	0.047101	0	0	0	0	0	0	0	0
"XPONENTIAL FITNESS, INC. (XNYS:XPOF)"	XPOF	Fitness	Fitness	1.4057	Stock	8.55	9.08	-61.44	-0.058370044	0	0.036364	0	0	0	0	0	0	0	0
MICROBOT MEDICAL INC. (XNAS:MBOT)	MBOT	Robotics	Health Care	1.2898	Stock	1.76	4.25	-262.5	-0.585882353	0	0.08642	0	0	0	0	0	0	0	0
Elastic NV (XNYS:ESTC)	ESTC	AI	AI Agents	0.9615	Stock	59.095	102.8425926	-456.17	-0.425383992	0	0.033852	0	0	0	0	0	0	0	0
"Meta Platforms, Inc. (XNAS:META)"	META	AI	Technology	1.2937	Stock	661.46	623.85	55.22	0.060286928	0	-0.013056	2450	0	0	0	0	0	0	0
"SANUWAVE HEALTH, INC. (XNAS:SNWV)"	SNWV	Health Care	Health Care: Equipment	1.3118	Stock	25.83	39.25	-72.59	-0.341910828	0	0.010563	0	0	0	0	0	0	0	0
"ARTERIS, INC. (XNAS:AIP)"	AIP	Semiconductor	Robotics	1.4771	Stock	14.93	13.32	-146.55	0.120870871	0	0.088986	0	0	0	0	0	0	0	0
Unity Software Inc (XNYS:U)	U	Technology	Software	2.0977	Stock	25.08	28.53555556	62.6	-0.121096488	0	0.080569	86	0	0	0	0	0	0	0
CONSTELLATION ENERGY CORPORATION. (XNAS:CEG)	CEG	Utilities	Utilities	1.1469	Stock	261.42	285.55	189.48	-0.08450359	0	0.058124	0	0	0	0	0	0	0	0
Alibaba Group Holding Limited (XNYS:BABA)	BABA	China	China	0.3999	Stock	162.49	97.918125	4614.9	0.659447625	0	0.029982	5855	0	0	0	0	0	0	0
SIBANYE STILLWATER LIMITED (XNYS:SBSW)	SBSW	Mining	Commodity	1.8663	Stock	16.45	5.984604317	78.01	1.748719736	0	0.069571	-616	0	0	0	0	0	0	0
ELBIT SYSTEMS LTD (XNAS:ESLT)	ESLT	Defense	Drone	0.4562	Stock	665	317.86	1.73	1.092116026	0	-0.013646	0	0	0	0	0	0	0	0
LOCKHEED MARTIN CORPORATION (XNYS:LMT)	LMT	Defense	Defense	0.2334	Stock	622.85	418.6	53.09	0.487935977	0	0.02244	0	0	0	0	0	0	0	0
"ROCKET COMPANIES, INC. (XNYS:RKT)"	RKT	Real estate	Real estate	2.3055	Stock	18.88	19.27594828	-288.91	-0.020541053	0	-0.016667	0	0	0	0	0	0	0	0
"CROWDSTRIKE HOLDINGS, INC. (XNAS:CRWD)"	CRWD	CyberSecurity	Cyber Security	1.0473	Stock	395.5	429.27	69.98	-0.078668437	0	0.048627	-143	0	0	0	0	0	0	0
"BLOCK, INC. (XNYS:XYZ)"	XYZ	Financials	Payments	2.6727	Stock	55.96	72.89828571	87.63	-0.232355062	0	0.048333	-729	0	0	0	0	0	0	0
"APYX MEDICAL, INC. (XNAS:APYX)"	APYX	Health Care	Health Care: Skin Tightening	1.5858	Stock	3.88	2.54	-111.25	0.527559055	0	-0.015228	0	0	0	0	0	0	0	0
ANGI INC. (XNAS:ANGI)	ANGI	Real estate	Technology	1.7297	Stock	11.85	18.21	0.96	-0.349258649	0	0.034934	0	0	0	0	0	0	0	0
"ASTERA LABS, INC (XNAS:ALAB)"	ALAB	AI	Semiconductor	2.481	Stock	169.85	129.8366667	-30.47	0.308182075	0	0.189259	0	0	0	0	0	0	0	0
NVIDIA CORPORATION (XNAS:NVDA)	NVDA	AI	Semiconductor	2.3206	Stock	185.41	111.71	120.62	0.65974398	0	0.078718	-638	0	0	0	0	0	0	0
IDEAL POWER INC. (XNAS:IPWR)	IPWR	Industrials	Power Component	0.9836	Stock	4.01	4.75	-55	-0.155789474	0	0.060847	0	0	0	0	0	0	0	0
Vertiv Holdings Co (XNYS:VRT)	VRT	Industrials	AI	2.0876	Stock	195.58	86.30666667	622.69	1.266105361	0	0.100309	-543	0	0	0	0	0	0	0
Sel Sector:Utl SS SPDR (ARCX:XLU)	XLU	Utilities	Utilities	0.9972	ETF	43.35	64.56	29.68	-0.328531599	0	0.0058	-202	0	0	0	0	0	0	0
Sel Sector:Enrgy SS SPDR (ARCX:XLE)	XLE	Energy	Energy	1.1389	ETF	53.25	84.24	131.78	-0.367877493	0	0.01992	0	0	0	0	0	0	0	0
iShares:20+ Trs Bd ETF (XNAS:TLT)	TLT	Market	Treasury	1.0784	ETF	87.54		0		0	0.0006859	-3328.36	19974.20757	0.656024634	0	0	19974.20757		0.124867455
NEWMONT CORPORATION (XNYS:NEM)	NEM	Gold and Silver	Commodity	0.4358	Stock	115.31	78.4	45.6	0.470790816	0	0.062471	4053	0	0	0	0	0	0	0
THE BOEING COMPANY (XNYS:BA)	BA	Defense	Industrials	1.135	Stock	243.03		0		0	0.025659	-342	0	0	0	0	0		0
RANGE RESOURCES CORPORATION (XNYS:RRC)	RRC	Energy	Natural Gas	0.5919	Stock	36.57	36.57	86.8	0	0	0.016116	0	0	0	0	0	0	0	0
"TESLA, INC. (XNAS:TSLA)"	TSLA	Auto	EV	1.893	Stock	411.11	268.0653846	755.78	0.533618377	0	0.034994	4153	0	0	0	0	0	0	0
BLACKSKY TECHNOLOGY INC. (XNYS:BKSY)	BKSY	Industrials	Space	2.4143	Stock	22.86	11.51	685.55	0.986099044	0	0.08909	0	0	0	0	0	0	0	0
"CHART INDUSTRIES, INC. (XNYS:GTLS)"	GTLS	Energy	Equipment	1.7328	Stock	207.45	192.2071429	-333.53	0.079304322	0	0.001787	0	0	0	0	0	0	0	0
"OSCAR HEALTH, INC. (XNYS:OSCR)"	OSCR	Health Care	Health Care	1.9115	Stock	12.245	16.18769231	-229.2	-0.24356111	0	-0.021183	-217.5	0	0	0	0	0	0	0
"COINBASE GLOBAL, INC. (XNAS:COIN)"	COIN	Financials	Crypto	3.7141	Stock	165.12	329.4854545	-225.11	-0.498854964	0	0.13003	4035	0	0	0	0	0	0	0
"M-TRON INDUSTRIES, INC. (XNYS:MPTI)"	MPTI	Industrials	Drone	0.6228	Stock	64.65	46.81	-123.75	0.381115146	0	0.028149	0	0	0	0	0	0	0	0
"SPIRE GLOBAL, INC. (XNYS:SPIR)"	SPIR	Industrials	Space	2.4819	Stock	10.52	13.01358382	-156.33	-0.191613921	0	0.084536	0	0	0	0	0	0	0	0
QUANTERIX CORPORATION (XNAS:QTRX)	QTRX	Health Care	Life Science	1.0663	Stock	6.09	6.912365952	-1904.9	-0.118970257	0	0.035714	0	0	0	0	0	0	0	0
WARBY PARKER INC (XNYS:WRBY)	WRBY	Consumer Discretionary	AI	2.0586	Stock	25.52	20.16	167.79	0.265873016	0	0.071819	0	0	0	0	0	0	0	0
"PERMA-FIX ENVIRONMENTAL SERVICES, INC. (XNAS:PESI)"	PESI	Nuclear	Nuclear	0.3837	Stock	15.29	12.86625	-285	0.188380453	0	0.061069	0	0	0	0	0	0	0	0
"BAIDU, INC. (XNAS:BIDU)"	BIDU	China	China	0.2927	Stock	145.93	90.34347826	56.25	0.61527985	0	0.050158	-514	0	0	0	0	0	0	0
"EASTERLY GOVERNMENT PROPERTIES, INC. (XNYS:DEA)"	DEA	Real estate	Real estate	0.9291	Stock	24.16	22.15	11.52	0.090744921	0	-0.002477	0	0	0	0	0	0	0	0
"COUCHBASE, INC. (XNAS:BASE)"	BASE	AI	Technology	0.923	Stock	24.51	16.13	115.52	0.519528828	0	0	0	0	0	0	0	0	0	0
CELESTICA INC. (XNYS:CLS)	CLS	AI	Technology	1.5008	Stock	307.49	72.25	449.35	3.255916955	0	0.042728	0	0	0	0	0	0	0	0
"MONGODB, INC. (XNAS:MDB)"	MDB	Technology	Software	1.3934	Stock	344.35		0		0	0.054671	506	0	0	0	0	0		0
QUANTUMSCAPE CORPORATION (XNAS:QS)	QS	Industrials	EV	2.4983	Stock	8.47	5.855	485.4	0.446626815	0	0.091495	0	0	0	0	0	0	0	0
"Talkspace, Inc. (XNAS:TALK)"	TALK	Health Care	Health Care	1.2172	Stock	3.88	3.010960452	-73.7	0.288625361	0	0.023747	0	0	0	0	0	0	0	0
"RADNET, INC. (XNAS:RDNT)"	RDNT	Health Care	Health Care	1.4925	Stock	69.24	49.73	65.2	0.39231852	0	0.073156	0	0	0	0	0	0	0	0
"DATADOG, INC. (XNAS:DDOG)"	DDOG	Technology	Software	1.3007	Stock	111.69	105.69	213.05	0.056769798	0	0.046472	0	0	0	0	0	0	0	0
NXP Semiconductors NV (XNAS:NXPI)	NXPI	Semiconductor	Auto	1.4582	Stock	224.32	203.67	53.5	0.101389503	0	0.009859	0	0	0	0	0	0	0	0
"VISHAY PRECISION GROUP, INC. (XNYS:VPG)"	VPG	Robotics	Industrials	0.8363	Stock	55.98	26.26130435	25.04	1.131653449	0	0.075711	0	0	0	0	0	0	0	0
"THE GAP, INC. (XNYS:GAP)"	GAP	Consumer Discretionary	Fitness	2.2695	Stock	29.13	23.43024096	-466.1	0.243265063	0	0.032979	0	0	0	0	0	0	0	0
"DXP ENTERPRISES, INC. (XNAS:DXPE)"	DXPE	SmallCap	Industrials	0.9603	Stock	149.61	74.68	74.64	1.003347616	0	0.069483	0	0	0	0	0	0	0	0
CRISPR Therapeutics Ltd (XNAS:CRSP)	CRSP	Health Care	Health Care: Biotech	1.7547	Stock	48.74	46.51	115.98	0.047946678	0	0.062337	0	0	0	0	0	0	0	0
ONDAS INC. (XNAS:ONDS)	ONDS	Technology	Drone	2.4769	Stock	9.69	1.74	526.25	4.568965517	0	0.142689	0	0	0	0	0	0	0	0
SERVE ROBOTICS INC. (XNAS:SERV)	SERV	Robotics	Robotics	2.12	Stock	10.675	11.42	-0.8	-0.065236427	0	0.161589	0	0	0	0	0	0	0	0
"GRAIL, INC. (XNAS:GRAL)"	GRAL	Health Care	Cancer	3.056	Stock	100.07	17.203	964.5	4.817008661	0	0.063895	0	0	0	0	0	0	0	0
"REPLIMUNE GROUP, INC. (XNAS:REPL)"	REPL	Health Care	Cancer	0.7355	Stock	7.75	14.28	-149.1	-0.457282913	0	0.118326	0	0	0	0	0	0	0	0
"Outset Medical, Inc. (XNAS:OM)"	OM	Health Care	Health Care	2.0829	Stock	4.5	17.67	-110.49	-0.74533107	0	0.025057	0	0	0	0	0	0	0	0
PRAIRIE OPERATING CO. (XNAS:PROP)	PROP	Energy	Small Cap	2.4177	Stock	1.82	8.595833333	-327.1	-0.78826951	0	0.08982	0	0	0	0	0	0	0	0
"GOODRX HOLDINGS, INC. (XNAS:GDRX)"	GDRX	Health Care	Health Care	1.4907	Stock	2.44	4.542380952	-115.6	-0.462836775	0	0.065502	0	0	0	0	0	0	0	0
Webull Corporation (XNAS:BULL)	BULL	Financials	Fintech	-0.0888	Stock	6.58	12.3	13.2	-0.46504065	0	0.130584	0	0	0	0	0	0	0	0
"BRIGHTSPRING HEALTH SERVICES, INC. (XNAS:BTSG)"	BTSG	Health Care	Health Care	1.1	Stock	39.68	23.39	-4.8	0.696451475	0	0.034411	0	0	0	0	0	0	0	0
"PACIFIC BIOSCIENCES OF CALIFORNIA, INC. (XNAS:PACB)"	PACB	Health Care	Health Care: Biotech	2.2948	Stock	1.82	1.39	-111	0.309352518	0	0.061224	0	0	0	0	0	0	0	0
LULULEMON ATHLETICA INC. (XNAS:LULU)	LULU	Consumer Discretionary	Fitness	1.0139	Stock	172.85	241.24	686.68	-0.283493616	0	0.016227	-1317	0	0	0	0	0	0	0
EXPAND ENERGY CORPORATION (XNAS:EXE)	EXE	Energy	Natural Gas	0.4529	Stock	110.37	84.37	58.52	0.30816641	0	0.009143	0	0	0	0	0	0	0	0
"ORCHESTRA BIOMED HOLDINGS, INC. (XNAS:OBIO)"	OBIO	Health Care	Health Care	0.5672	Stock	3.91	5.54	-205	-0.294223827	0	0.053908	0	0	0	0	0	0	0	0
VERA THERAPEUTICS INC. (XNAS:VERA)	VERA	Health Care	Health Care	1.1575	Stock	43.5	23.07	5.2	0.88556567	0	0.062271	0	0	0	0	0	0	0	0
"NEXALIN TECHNOLOGY, INC. (XNAS:NXL)"	NXL	Health Care	Health Care	4.055	Stock	0.5149	2.65	-209.46	-0.805698113	0	-0.169516	0	0	0	0	0	0	0	0
NUSCALE POWER CORPORATION (XNYS:SMR)	SMR	Nuclear	Nuclear	2.1611	Stock	17.51	10.95375	119.9	0.598539313	0	0.179919	0	0	0	0	0	0	0	0
SNOWFLAKE INC. (XNYS:SNOW)	SNOW	Technology	Software	1.16	Stock	168.44	181.88	120.99	-0.073894876	0	0.074852	314	0	0	0	0	0	0	0
KINETIK HOLDINGS INC. (XNYS:KNTK)	KNTK	SmallCap	Energy	0.7276	Stock	41.58	42.65571429	1051.1	-0.025218527	0	0.03924	0	0	0	0	0	0	0	0
Aris Water Solutions Inc (XNYS:ARIS)	ARIS	SmallCap	Energy	1.6712	Stock	23.69	15.68529412	328.02	0.510331896	0	0	0	0	0	0	0	0	0	0
"AMERICAN PUBLIC EDUCATION, INC. (XNAS:APEI)"	APEI	SmallCap	Education	1.7124	Stock	44.89	16.27272727	174.2	1.758603352	0	0.013776	0	0	0	0	0	0	0	0
POET Technologies Inc. (XNAS:POET)	POET	SmallCap	Connectivity	0.3747	Stock	5.87	3.92	140.4	0.49744898	0	0.1343	0	0	0	0	0	0	0	0
CORNING INCORPORATED (XNYS:GLW)	GLW	Connectivity	Technology	1.1056	Stock	122.165	41.765	109.8	1.925056866	0	0.083119	0	0	0	0	0	0	0	0
"NRG ENERGY, INC. (XNYS:NRG)"	NRG	Energy	Utilities	1.284	Stock	153.32	78.94	40.32	0.942234609	0	0.061479	0	0	0	0	0	0	0	0
CIENA CORPORATION (XNYS:CIEN)	CIEN	Connectivity	Technology	1.1419	Stock	271.99	60.625	290.46	3.48643299	0	0.075144	0	0	0	0	0	0	0	0
"CVRX, INC. (XNAS:CVRX)"	CVRX	Health Care	MedTech	1.2799	Stock	6.55	9.733928571	-540.45	-0.327095946	0	-0.013554	0	0	0	0	0	0	0	0
"AVANTOR, INC. (XNYS:AVTR)"	AVTR	Health Care	Health Care	0.9421	Stock	11.26	14.47357143	113.5	-0.222030302	0	0.043559	0	0	0	0	0	0	0	0
CORNING INCORPORATED (XNYS:GLW)	GLW	AI	Semiconductor	1.1056	Stock	122.165	41.765	109.8	1.925056866	0	0.083119	0	0	0	0	0	0	0	0
RIBBON COMMUNICATIONS INC. (XNAS:RBBN)	RBBN	Connectivity	Technology	1.0674	Stock	1.96	3.16	80.4	-0.379746835	0	-0.279412	0	0	0	0	0	0	0	0
"PROGYNY, INC. (XNAS:PGNY)"	PGNY	Health Care	Health Care	0.9813	Stock	21.95	16.02428571	285.42	0.369795846	0	0.001369	0	0	0	0	0	0	0	0
VIAVI SOLUTIONS INC. (XNAS:VIAV)	VIAV	Connectivity	Technology	0.9538	Stock	26.38	8.47	89.25	2.114521842	0	0.041864	0	0	0	0	0	0	0	0
RTX CORPORATION (XNYS:RTX)	RTX	Defense	Industrials	0.4203	Stock	198.65	78.25	166.28	1.538658147	0	0.013676	0	0	0	0	0	0	0	0
"DEXCOM, INC. (XNAS:DXCM)"	DXCM	Health Care	MedTech	1.4914	Stock	69.97	75.39647059	139.07	-0.071972475	0	0.001145	0	0	0	0	0	0	0	0
"RILEY EXPLORATION PERMIAN, INC. (XNYS:REPX)"	REPX	Energy	Energy	1.2158	Stock	28.51	27.09	7.4	0.052417866	0	0.03073	0	0	0	0	0	0	0	0
"CHEWY, INC. (XNYS:CHWY)"	CHWY	Consumer Discretionary	Consumer Discretionary	1.5974	Stock	28.01	33.785	90.75	-0.170933846	0	0.054196	0	0	0	0	0	0	0	0
CAMECO CORPORATION (XNYS:CCJ)	CCJ	Nuclear	Nuclear	1.114	Stock	113.63	44.63	-33.4	1.546045261	0	0.039806	0	0	0	0	0	0	0	0
SENSATA TECHNOLOGIES HOLDING PLC (XNYS:ST)	ST	Semiconductor	Industrials	1.1457	Stock	35.99	27.79230769	21.29	0.294962635	0	0.01466	0	0	0	0	0	0	0	0
Telefonaktiebolaget LM Ericsson (XNAS:ERIC)	ERIC	Connectivity	Technology	0.4677	Stock	11.16	7.41	47.7	0.506072874	0	0.02011	0	0	0	0	0	0	0	0
Coherent Corp. (XNYS:COHR)	COHR	Connectivity	Technology	1.861	Stock	227.6	76.35	14.82	1.981008513	0	0.087746	0	0	0	0	0	0	0	0
"ARCUTIS BIOTHERAPEUTICS, INC. (XNAS:ARQT)"	ARQT	Health Care	Health Care: Biotech	1.6765	Stock	27.32	14.98	-62.65	0.82376502	0	0.047948	0	0	0	0	0	0	0	0
AMPHENOL CORPORATION (XNYS:APH)	APH	Connectivity	Technology	1.2176	Stock	136.23	62.94	2.55	1.164442326	0	0.067382	0	0	0	0	0	0	0	0
NOBLE CORPORATION PLC (XNYS:NE)	NE	Energy	Offshore Drilling	1.11	Stock	39.2	31.63	-80.46	0.23932975	0	0.058887	0	0	0	0	0	0	0	0
MARATHON PETROLEUM CORPORATION (XNYS:MPC)	MPC	Energy	Refinery	0.6941	Stock	203	166.3865217	-221.66	0.220050746	0	0.036613	-482	0	0	0	0	0	0	0
"DICK'S SPORTING GOODS, INC. (XNYS:DKS)"	DKS	Consumer Discretionary	Fitness	1.2349	Stock	208.29	212.39	-18.5	-0.01930411	0	0.013429	0	0	0	0	0	0	0	0
"KINDER MORGAN, INC. (XNYS:KMI)"	KMI	Energy	Natural Gas	0.6919	Stock	30.505	24.95	18	0.222645291	0	0.00577	0	0	0	0	0	0	0	0
EXACT SCIENCES CORPORATION (XNAS:EXAS)	EXAS	Health Care	Cancer	1.4205	Stock	103.18	55.39	-178.2	0.862791118	0	0.005065	0	0	0	0	0	0	0	0
INTUIT INC. (XNAS:INTU)	INTU	Financials	Payments	1.2461	Stock	443.77	612.83	-31.33	-0.275867696	0	0.020372	0	0	0	0	0	0	0	0
KINROSS GOLD CORPORATION (XNYS:KGC)	KGC	Gold and Silver	Commodity	1.2639	Stock	32.07	9.48	17.04	2.382911392	0	0.02624	0	0	0	0	0	0	0	0
JACKSON FINANCIAL INC. (XNYS:JXN)	JXN	Financials	Financials	1.4565	Stock	119.69	82.96	-0.56	0.442743491	0	0.030389	0	0	0	0	0	0	0	0
"CHARLES RIVER LABORATORIES INTERNATIONAL, INC. (XNYS:CRL)"	CRL	Health Care	Health Care	1.6291	Stock	189.32	138.92	250.04	0.362798733	0	0.030593	0	0	0	0	0	0	0	0
REALTY INCOME CORPORATION (XNYS:O)	O	Real estate	Real estate	0.791	Stock	63.23	51.93	42.26	0.217600616	0	-0.002052	0	0	0	0	0	0	0	0
"HIMS & HERS HEALTH, INC. (XNYS:HIMS)"	HIMS	Health Care	Health Care	2.4848	Stock	23.015	47.88	62.94	-0.519319131	0	-0.019804	-110	0	0	0	0	0	0	0
"RIVIAN AUTOMOTIVE, INC. (XNAS:RIVN)"	RIVN	Auto	Auto	1.7611	Stock	14.8		0		0	0.077932	0	0	0	0	0	0		0
DESTINY TECH100 INC. (XNYS:DXYZ)	DXYZ	Defense	Technology	2	Stock	30.815		0		0	0.052425	0	0	0	0	0	0		0
"TETRA TECH, INC. (XNAS:TTEK)"	TTEK	Water Basket	Industrials	0.8865	Stock	41.29	198.41	29.7	-0.79189557	0	0.014496	0	0	0	0	0	0	0	0
"ALTIMMUNE, INC. (XNAS:ALT)"	ALT	Health Care	Health Care: Biotech	0.0952	Stock	4.87		0		0	-0.010163	0	0	0	0	0	0		0
MICROCHIP TECHNOLOGY INCORPORATED (XNAS:MCHP)	MCHP	Semiconductor	Semiconductor	1.4369	Stock	76.01	55.49	7.15	0.36979636	0	-0.026012	0	0	0	0	0	0	0	0
REPAY HOLDINGS CORPORATION (XNAS:RPAY)	RPAY	Financials	Payments	1.61	Stock	3.38		0		0	0.005952	0	0	0	0	0	0		0
STANDARD BIOTOOLS INC. (XNAS:LAB)	LAB	Health Care	Life Science	1.337	Stock	1.26	1.76	21	-0.284090909	0	0.016129	0	0	0	0	0	0	0	0
BLUE BIRD CORPORATION (XNAS:BLBD)	BLBD	SmallCap	Industrials	1.4089	Stock	59.21	49.87	-22.25	0.187286946	0	0.066079	0	0	0	0	0	0	0	0
Biontech SE (XNAS:BNTX)	BNTX	Health Care	Health Care: Biotech	1.5103	Stock	106.62	107.86	-133.9	-0.011496384	0	0.010233	0	0	0	0	0	0	0	0
BITFARMS LTD. (XNAS:BITF)	BITF	Bitcoin mining	AI	4.4086	Stock	2.14	2.61	-440	-0.180076628	0	0.255132	0	0	0	0	0	0	0	0
"Riot Platforms, Inc. (XNAS:RIOT)"	RIOT	Bitcoin mining	AI	3.5935	Stock	14.45	11.47	1	0.259808195	0	0.198176	0	0	0	0	0	0	0	0
"WEREWOLF THERAPEUTICS, INC. (XNAS:HOWL)"	HOWL	Health Care	Health Care: Biotech	0.7831	Stock	0.6122		0		0	0.010231	0	0	0	0	0	0		0
JACOBS SOLUTIONS INC. (XNYS:J)	J	Industrials	Industrials	0.7747	Stock	148.78	137.56	36.56	0.081564408	0	0.035135	0	0	0	0	0	0	0	0
"POWER INTEGRATIONS, INC. (XNAS:POWI)"	POWI	Semiconductor	Semiconductor	1.3477	Stock	47.34	59.23	11.2	-0.200742867	0	0.002966	0	0	0	0	0	0	0	0
"RECURSION PHARMACEUTICALS, INC. (XNAS:RXRX)"	RXRX	Health Care	Health Care: Biotech	0.9501	Stock	3.98	8.495	-119.35	-0.531489111	0	0.117978	0	0	0	0	0	0	0	0
REPLIGEN CORPORATION (XNAS:RGEN)	RGEN	Health Care	Health Care	1.1313	Stock	142.18		0		0	0.018044	0	0	0	0	0	0		0
"Q2 HOLDINGS, INC. (XNYS:QTWO)"	QTWO	Financials	Payments	1.3746	Stock	57.02		0		0	0.033533	0	0	0	0	0	0		0
"L3HARRIS TECHNOLOGIES, INC. (XNYS:LHX)"	LHX	Defense	Defense	0.6389	Stock	349.64	251.32	-78.04	0.391214388	0	0.021682	0	0	0	0	0	0	0	0
"INSPIRE MEDICAL SYSTEMS, INC. (XNYS:INSP)"	INSP	Health Care	MedTech	0.7352	Stock	65.72	192.49	-36.06	-0.658579666	0	0.001829	0	0	0	0	0	0	0	0
IREN LIMITED (XNAS:IREN)	IREN	Bitcoin mining	AI	4.3047	Stock	41.83	11.36	-74.88	2.68221831	0	0.051269	0	0	0	0	0	0	0	0
AECOM (XNYS:ACM)	ACM	Industrials	Industrials	1.0607	Stock	101.03	85.41	4.96	0.182882566	0	0.024126	0	0	0	0	0	0	0	0
"THE BANCORP, INC. (XNAS:TBBK)"	TBBK	SmallCap	Financials	1.2772	Stock	62.02		0		0	0.059447	0	0	0	0	0	0		0
"PAYMENTUS HOLDINGS, INC. (XNYS:PAY)"	PAY	Financials	Payments	1.494	Stock	24.81		0		0	0.018055	0	0	0	0	0	0		0
"ALPHATEC HOLDINGS, INC. (XNAS:ATEC)"	ATEC	Health Care	Health Care	1.017	Stock	13.82	8.27	-155.4	0.671100363	0	0.023704	0	0	0	0	0	0	0	0
APPLIED DIGITAL CORPORATION (XNAS:APLD)	APLD	Bitcoin mining	AI	7.1922	Stock	34.95	6.449473684	-32.5	4.419046842	0	0.255163	-195	0	0	0	0	0	0	0
"KEROS THERAPEUTICS, INC. (XNAS:KROS)"	KROS	Health Care	Health Care: Biotech	0.8448	Stock	17.57		0		0	0.019142	0	0	0	0	0	0		0
"CORE SCIENTIFIC, INC. (XNAS:CORZ)"	CORZ	Bitcoin mining	AI	2.968	Stock	16.81	9.46375	188.56	0.776251486	0	0.134661	0	0	0	0	0	0	0	0
ASML Holding NV (XNAS:ASML)	ASML	Semiconductor	Semiconductor	2.1801	Stock	1413.01	722.255	23.58	0.956386595	0	0.04655	1541	0	0	0	0	0	0	0
"IRHYTHM HOLDINGS, INC. (XNAS:IRTC)"	IRTC	Health Care	MedTech	1.079	Stock	146.47	78.26045455	148.44	0.871571036	0	-0.001908	0	0	0	0	0	0	0	0
RUMBLE INC. (XNAS:RUM)	RUM	Technology	Software	0.6942	Stock	5.78	6.16	54.4	-0.061688312	0	0.080374	0	0	0	0	0	0	0	0
NUCOR CORPORATION (XNYS:NUE)	NUE	Trump	Materials	1.8347	Stock	192.84	155.52	9.3	0.239969136	0	0.033995	0	0	0	0	0	0	0	0
"PELOTON INTERACTIVE, INC. (XNAS:PTON)"	PTON	Fitness	Consumer Discretionary	2.453	Stock	4.625	5.14	193.2	-0.100194553	0	0.053531	0	0	0	0	0	0	0	0
BRIGHT HORIZONS FAMILY SOLUTIONS INC. (XNYS:BFAM)	BFAM	Geriatric	Health Care	1.3984	Stock	86.065		0		0	-0.029926	0	0	0	0	0	0		0
ROLLS-ROYCE HOLDINGS PLC (OTCM:RYCEY)	RYCEY	Industrials	Industrials	1.2989	Stock	16.94	5.82	3.27	1.910652921	0	0.03799	0	0	0	0	0	0	0	0
KLA CORPORATION (XNAS:KLAC)	KLAC	Semiconductor	Semiconductor	1.4556	Stock	1442.95	664.7	46.78	1.170828945	0	0.084085	0	0	0	0	0	0	0	0
"Clearfield, Inc. (XNAS:CLFD)"	CLFD	Connectivity	Technology	1.9214	Stock	30.91	36.52	7	-0.153614458	0	0.06293	0	0	0	0	0	0	0	0
"TERNS PHARMACEUTICALS, INC. (XNAS:TERN)"	TERN	Health Care	Health Care: Biotech	-0.2882	Stock	37.77		0		0	0.068761	0	0	0	0	0	0		0
"AGILYSYS, INC. (XNAS:AGYS)"	AGYS	SmallCap	Software	0.33	Stock	86.01		0		0	0.022954	0	0	0	0	0	0		0
PAGSEGURO DIGITAL LTD. (XNYS:PAGS)	PAGS	Brazil	Brazil	1.3684	Stock	10.995	11.13	-139.8	-0.01212938	0	0.036287	-46	0	0	0	0	0	0	0
SEMTECH CORPORATION (XNAS:SMTC)	SMTC	Connectivity	Technology	2.0097	Stock	86.5	38.24	-91.65	1.262029289	0	0.039663	0	0	0	0	0	0	0	0
"CLEAN HARBORS, INC. (XNYS:CLH)"	CLH	Water Basket	Industrials	0.9471	Stock	265.98		0		0	0.014455	0	0	0	0	0	0		0
Lumentum Holdings Inc. (XNAS:LITE)	LITE	Connectivity	Technology	1.4846	Stock	551.99		0		0	0.094306	0	0	0	0	0	0		0
"STRONGHOLD DIGITAL MINING, INC. (XNAS:SDIG)"	SDIG	Bitcoin mining	AI	2.8934	Stock	2.81	3.928571429	387.2	-0.284727273	0	0	0	0	0	0	0	0	0	0
LABCORP HOLDINGS INC. (XNYS:LH)	LH	Health Care	Life Science	1.0193	Stock	277.2		0		0	-0.003702	0	0	0	0	0	0		0
LABCORP HOLDINGS INC. (XNYS:LH)	LH	Health Care	Cancer	1.0193	Stock	277.2		0		0	-0.003702	0	0	0	0	0	0		0
THERATECHNOLOGIES INC. (XNAS:THTX)	THTX	Health Care	Health Care: Biotech	0.7597	Stock	3.39		0		0	0	0	0	0	0	0	0		0
InnovAge Holding Corp. (XNAS:INNV)	INNV	Geriatric	Health Care	0.5127	Stock	8.36	6	19	0.393333333	0	0.119143	0	0	0	0	0	0	0	0
SNAP INC. (XNYS:SNAP)	SNAP	Technology	Software	0.8196	Stock	5.22	10.08	-308.88	-0.482142857	0	0.019531	0	0	0	0	0	0	0	0
Ke Holdings Inc (XNYS:BEKE)	BEKE	China	China	1.9646	Stock	18.705		0		0	0.015472	0	0	0	0	0	0		0
"CASTLE BIOSCIENCES, INC. (XNAS:CSTL)"	CSTL	Health Care	Health Care	1.0654	Stock	32.75	27.51736842	116.9	0.190157413	0	0.010802	0	0	0	0	0	0	0	0
"AMN HEALTHCARE SERVICES, INC. (XNYS:AMN)"	AMN	Trump	Health Care	0.2296	Stock	20.3	25.8	14.4	-0.213178295	0	-0.026379	0	0	0	0	0	0	0	0
"ACI WORLDWIDE, INC. (XNAS:ACIW)"	ACIW	Financials	Payments	1.0602	Stock	42.28		0		0	0.039843	0	0	0	0	0	0		0
"SALESFORCE, INC. (XNYS:CRM)"	CRM	Technology	Software	1.2863	Stock	191.3		0		0	0.007001	-606	0	0	0	0	0		0
INSULET CORPORATION (XNAS:PODD)	PODD	Health Care	Weight Loss	1.4235	Stock	241.93		0		0	-0.005017	300	0	0	0	0	0		0
"BWX TECHNOLOGIES, INC. (XNYS:BWXT)"	BWXT	Nuclear	Nuclear	0.8341	Stock	197.42		0		0	0.053356	0	0	0	0	0	0		0
GLOBAL-E ONLINE LTD (XNAS:GLBE)	GLBE	Financials	Payments	1.2492	Stock	32.61		0		0	0.015571	0	0	0	0	0	0		0
CureVac NV (XNAS:CVAC)	CVAC	Health Care	Health Care: Biotech	1.8738	Stock	4.66	4.99	-152	-0.066132265	0	0	0	0	0	0	0	0	0	0
"THE PENNANT GROUP, INC. (XNAS:PNTG)"	PNTG	Geriatric	Health Care	1.2377	Stock	30.35	29.2	0	0.039383562	0	0.012342	0	0	0	0	0	0	0	0
"REGENERON PHARMACEUTICALS, INC. (XNAS:REGN)"	REGN	Health Care	Health Care: Biotech	0.4074	Stock	785.51		0		0	0.024627	0	0	0	0	0	0		0
"VIKING THERAPEUTICS, INC. (XNAS:VKTX)"	VKTX	Health Care	Health Care: Biotech	0.7755	Stock	28.44	39.49783784	84.77	-0.279960586	0	0.08178	-300	0	0	0	0	0	0	0
"ILLUMINA, INC. (XNAS:ILMN)"	ILMN	Health Care	Life Science	1.472	Stock	119.72	133.6	36.33	-0.103892216	0	-0.103959	0	0	0	0	0	0	0	0
QUIDELORTHO CORPORATION (XNAS:QDEL)	QDEL	Health Care	Life Science	0.7128	Stock	29.1	44.17384615	-113.78	-0.34123916	0	0.014291	0	0	0	0	0	0	0	0
ROIVANT SCIENCES LTD. (XNAS:ROIV)	ROIV	Health Care	Health Care: Biotech	1.2139	Stock	25.82		0		0	0.221381	0	0	0	0	0	0		0
BRUKER CORPORATION (XNAS:BRKR)	BRKR	Health Care	Life Science	1.1849	Stock	41.93		0		0	0.021686	0	0	0	0	0	0		0
FEDERAL NATIONAL MORTGAGE ASSOCIATION (OTCM:FNMA)	FNMA	Trump	Financials	1.7514	Stock	8.28		0		0	0.001209	0	0	0	0	0	0		0
VISTRA CORP. (XNYS:VST)	VST	Utilities	Utilities	1.4525	Stock	149.65	77.61125	447.11	0.928199842	0	0.045991	52	0	0	0	0	0	0	0
"SHIFT4 PAYMENTS, INC (XNYS:FOUR)"	FOUR	Financials	Payments	1.6071	Stock	59.33		0		0	0.021522	0	0	0	0	0	0		0
"UNIVERSAL LOGISTICS HOLDINGS, INC. (XNAS:ULH)"	ULH	Transportation	Industrials	0.8794	Stock	18.04	41.2	23.65	-0.562135922	0	-0.006061	0	0	0	0	0	0	0	0
Roche Holding Ltd (OTCM:RHHBY)	RHHBY	Health Care	Health Care: Biotech	1.0123	Stock	57.7		0		0	0.010136	0	0	0	0	0	0		0
LAVA Therapeutics NV (XNAS:LVTX)	LVTX	Health Care	Health Care: Biotech	0.4461	Stock	1.74		0		0	0	0	0	0	0	0	0		0
"EXTREME NETWORKS, INC. (XNAS:EXTR)"	EXTR	Connectivity	Technology	1.6619	Stock	15.24		0		0	0.011952	0	0	0	0	0	0		0
QUEST DIAGNOSTICS INCORPORATED (XNYS:DGX)	DGX	Health Care	Life Science	0.674	Stock	190.71		0		0	-0.008268	0	0	0	0	0	0		0
QUEST DIAGNOSTICS INCORPORATED (XNYS:DGX)	DGX	Health Care	Cancer	0.674	Stock	190.71		0		0	-0.008268	0	0	0	0	0	0		0
"ARISTA NETWORKS, INC. (XNYS:ANET)"	ANET	Connectivity	Technology	1.4503	Stock	137.42		0		0	0.068003	0	0	0	0	0	0		0
"CLOUDFLARE, INC. (XNYS:NET)"	NET	Technology	Software	1.9845	Stock	173.19	155.76	-69.76	0.111902928	0	0.06219	78	0	0	0	0	0	0	0
MEDTRONIC PUBLIC LIMITED COMPANY (XNYS:MDT)	MDT	Health Care	Life Science	0.7179	Stock	102.9	84.93	21.92	0.211586012	0	-0.0004857	0	0	0	0	0	0	0	0
Sienna Senior Living Inc. (XTSE:SIA)	SIA	Geriatric	Health Care	1.0125	Stock	22.14		0		0	-0.001353	0	0	0	0	0	0		0
"KEYSIGHT TECHNOLOGIES, INC. (XNYS:KEYS)"	KEYS	Connectivity	Technology	1.1938	Stock	230.77		0		0	0.041757	0	0	0	0	0	0		0
OPENDOOR TECHNOLOGIES INC. (XNAS:OPEN)	OPEN	Real estate	Real estate	3.6917	Stock	4.88		0		0	0.038298	-168	0	0	0	0	0		0
GE VERNOVA INC. (XNYS:GEV)	GEV	Industrials	Industrials	1.374	Stock	778.27	166.9	105.17	3.663091672	0	0.055238	0	0	0	0	0	0	0	0
Popular Inc (XNAS:BPOP)	BPOP	Financials	Financials	0.6208	Stock	145.97		0		0	0.021913	0	0	0	0	0	0		0
"APOGEE ENTERPRISES, INC. (XNAS:APOG)"	APOG	Trump	Industrials	1.0448	Stock	41.79	61.95	12.4	-0.325423729	0	0.028804	0	0	0	0	0	0	0	0
LAM RESEARCH CORPORATION (XNAS:LRCX)	LRCX	Semiconductor	Semiconductor	1.7789	Stock	231.01	77.95	-36.96	1.963566389	0	0.082978	0	0	0	0	0	0	0	0
BRADY CORPORATION (XNYS:BRC)	BRC	SmallCap	Industrials	0.6027	Stock	92.28		0		0	0.009518	0	0	0	0	0	0		0
"ADVANCED DRAINAGE SYSTEMS, INC. (XNYS:WMS)"	WMS	Water Basket	Industrials	1.2791	Stock	175.38		0		0	0.031465	0	0	0	0	0	0		0
"GRAND CANYON EDUCATION, INC. (XNAS:LOPE)"	LOPE	SmallCap	Education	0.7107	Stock	169.72		0		0	0.010599	0	0	0	0	0	0		0
Olin Corporation (XNYS:OLN)	OLN	Trump	Materials	1.5765	Stock	24.83		0		0	0.060658	0	0	0	0	0	0		0
"ANGIODYNAMICS, INC. (XNAS:ANGO)"	ANGO	Health Care	Health Care	0.496	Stock	10.56	7.45	-41	0.417449664	0	0.049702	0	0	0	0	0	0	0	0
SYNOVUS FINANCIAL CORP. (XNYS:SNV)	SNV	Trump	Financials	1.2232	Stock	50.03	38.77	66.3	0.290430745	0	0	0	0	0	0	0	0	0	0
"OKTA, INC. (XNAS:OKTA)"	OKTA	Technology	Software	0.7625	Stock	86.74	88.87	-9.55	-0.023967593	0	0.055873	-349	0	0	0	0	0	0	0
BROOKDALE SENIOR LIVING INC. (XNYS:BKD)	BKD	Trump	Health Care	0.6755	Stock	16.1	7.31	-9.2	1.20246238	0	0.041397	0	0	0	0	0	0	0	0
BROOKDALE SENIOR LIVING INC. (XNYS:BKD)	BKD	Geriatric	Health Care	0.6755	Stock	16.1	7.31	-9.2	1.20246238	0	0.041397	0	0	0	0	0	0	0	0
ARK BC & Fintech Innov (BATS:ARKF)	ARKF	Financials	Fintech	1.9581	ETF	38.8	29.92	-2.8	0.296791444	0	0.045259	0	0	0	0	0	0	0	0
"WORKDAY, INC. (XNAS:WDAY)"	WDAY	Technology	Software	1.1305	Stock	162.92		0		0	0.026203	0	0	0	0	0	0		0
MOBILEYE GLOBAL INC. (XNAS:MBLY)	MBLY	Semiconductor	Auto	0.566	Stock	8.71		0		0	0.036905	0	0	0	0	0	0		0
"U. S. PHYSICAL THERAPY, INC. (XNYS:USPH)"	USPH	Geriatric	Health Care	1.2948	Stock	85.58		0		0	0.017961	0	0	0	0	0	0		0
"AMKOR TECHNOLOGY, INC. (XNAS:AMKR)"	AMKR	AI	Semiconductor	1.9407	Stock	49.36	39.92	-97.6	0.236472946	0	0.114976	0	0	0	0	0	0	0	0
Credo Technology Group Holding Ltd (XNAS:CRDO)	CRDO	AI	Semiconductor	2.6679	Stock	111.4	27.94111111	1792.05	2.986956695	0	0.136039	307	0	0	0	0	0	0	0
XYLEM INC. (XNYS:XYL)	XYL	Water Basket	Industrials	1.16	Stock	142.12	131.83	4.79	0.078055071	0	0.020684	0	0	0	0	0	0	0	0
"BJ'S WHOLESALE CLUB HOLDINGS, INC. (XNYS:BJ)"	BJ	Trump	Consumer Staples	0.3602	Stock	100.43		0		0	0.011583	0	0	0	0	0	0		0
Sel Sector:Ind SS SPDR (ARCX:XLI)	XLI	Industrials	Industrials	0.9999	ETF	173.18		0		0	0.028568	0	0	0	0	0	0		0
THERMO FISHER SCIENTIFIC INCORPORATED (XNYS:TMO)	TMO	Health Care	Health Care	0.9558	Stock	542.72		0		0	0.0006638	0	0	0	0	0	0		0
U.S. BANCORP (XNYS:USB)	USB	Financials	Financials	1.0483	Stock	60.695		0		0	0.026814	0	0	0	0	0	0		0
VERALTO CORPORATION (XNYS:VLTO)	VLTO	Water Basket	Industrials	0.732	Stock	90.555		0		0	-0.002588	0	0	0	0	0	0		0
"BADGER METER, INC. (XNYS:BMI)"	BMI	Water Basket	Industrials	0.8732	Stock	151.23	194.67	11.72	-0.223146864	0	0.036674	0	0	0	0	0	0	0	0
"WASTE CONNECTIONS, INC. (XTSE:WCN)"	WCN	Industrials	Industrials	0.4319	Stock	231.07		0		0	-0.003149	-210	0	0	0	0	0		0
Sel Sector:HC SS SPDR (ARCX:XLV)	XLV	Health Care	Health Care	0.9982	ETF	157.71		0		0	0.018535	0	0	0	0	0	0		0
ONESPAN INC. (XNAS:OSPN)	OSPN	Financials	Payments	1.5328	Stock	11.25		0		0	0.052385	0	0	0	0	0	0		0
GE HealthCare Technologies Inc. (XNAS:GEHC)	GEHC	Geriatric	Health Care	1.259	Stock	80.65		0		0	-0.020168	0	0	0	0	0	0		0
"VENTAS, INC. (XNYS:VTR)"	VTR	Geriatric	Health Care	0.7654	Stock	82.56		0		0	0.034068	0	0	0	0	0	0		0
JEFFERIES FINANCIAL GROUP INC. (XNYS:JEF)	JEF	Trump	Financials	1.4763	Stock	58.94		0		0	0.043001	0	0	0	0	0	0		0
"ITRON, INC. (XNAS:ITRI)"	ITRI	Water Basket	Technology	1.4237	Stock	104.05	107.34	-14.52	-0.03065027	0	0.045098	0	0	0	0	0	0	0	0
"DORMAN PRODUCTS, INC. (XNAS:DORM)"	DORM	SmallCap	Consumer Discretionary	0.9073	Stock	130.1		0		0	0.011507	0	0	0	0	0	0		0
BOSTON SCIENTIFIC CORPORATION (XNYS:BSX)	BSX	Health Care	Health Care	0.6783	Stock	76.26	78.47	62.4	-0.028163629	0	-0.017774	0	0	0	0	0	0	0	0
iShares:Russ 2000 ETF (ARCX:IWM)	IWM	Market	Market	0.9992	ETF	265.02	201.76	24.75	0.313540841	0	0.035922	-332	0	0	0	0	0	0	0
ZURN ELKAY WATER SOLUTIONS CORPORATION (XNYS:ZWS)	ZWS	Water Basket	Industrials	1.0959	Stock	52.83	32.53	-0.27	0.624039348	0	0.033653	0	0	0	0	0	0	0	0
"T-MOBILE US, INC. (XNAS:TMUS)"	TMUS	Technology	Technology: Networking	0.4356	Stock	197.39	253.14	-5.75	-0.220233863	0	-0.022144	0	0	0	0	0	0	0	0
BLUEPRINT MEDICINES CORPORATION (XNAS:BPMC)	BPMC	Health Care	Health Care: Biotech	0.9355	Stock	129.46		0		0	0	0	0	0	0	0	0		0
WINTRUST FINANCIAL CORPORATION (XNAS:WTFC)	WTFC	Financials	Financials	0.8202	Stock	161.35		0		0	0.021396	0	0	0	0	0	0		0
Sociedad Quimica y Minera de Chile SA (XNYS:SQM)	SQM	Industrials	Industrials	1.8429	Stock	71.48	45.38	-11.52	0.575143235	0	0.009319	0	0	0	0	0	0	0	0
SERVICE CORPORATION INTERNATIONAL (XNYS:SCI)	SCI	Geriatric	Health Care	1.0064	Stock	85.11		0		0	-0.003162	0	0	0	0	0	0		0
WALMART INC. (XNAS:WMT)	WMT	Consumer Staples	Consumer Staples	0.6612	Stock	131.18		0		0	0.033402	-838.16	0	0	0	0	0		0
PROGRESS SOFTWARE CORPORATION (XNAS:PRGS)	PRGS	Technology	Software	0.5721	Stock	42.99	55.93	1.28	-0.231360629	0	0.038155	0	0	0	0	0	0	0	0
FLOWSERVE CORPORATION (XNYS:FLS)	FLS	Water Basket	Industrials	1.295	Stock	85.48		0		0	0.082299	0	0	0	0	0	0		0
"ACADIA HEALTHCARE COMPANY, INC. (XNAS:ACHC)"	ACHC	Health Care	Health Care	0.8734	Stock	13.37		0		0	-0.004468	620	0	0	0	0	0		0
"SENTINELONE, INC. (XNYS:S)"	S	Technology	Cyber Security	0.7739	Stock	13.22		0		0	0.022428	-185	0	0	0	0	0		0
"ARHAUS, INC (XNAS:ARHS)"	ARHS	Trump	Consumer Discretionary	2.4708	Stock	11.1		0		0	0.036415	0	0	0	0	0	0		0
"NIKE, INC. (XNYS:NKE)"	NKE	Consumer Discretionary	Consumer Discretionary	1.2734	Stock	63.885		0		0	0.0189	0	0	0	0	0	0		0
"CORE & MAIN, INC. (XNYS:CNM)"	CNM	Water Basket	Industrials	0.9736	Stock	57.67		0		0	0.032587	0	0	0	0	0	0		0
SS SPDR S&P Metals&Mng (ARCX:XME)	XME	Gold and Silver	Commodity	1.048	ETF	122.5		0		0	0.059139	0	0	0	0	0	0		0
ATLASSIAN CORPORATION (XNAS:TEAM)	TEAM	Technology	Software	0.9005	Stock	94.72		0		0	-0.037496	-270	0	0	0	0	0		0
CITIGROUP INC. (XNYS:C)	C	Financials	Financials	1.1345	Stock	122.66		0		0	0.059789	0	0	0	0	0	0		0
"FISERV, INC. (XNAS:FISV)"	FISV	Financials	Payments	0.7678	Stock	60		0		0	0.026694	0	0	0	0	0	0		0
"UNITED RENTALS, INC. (XNYS:URI)"	URI	Industrials	Industrials	1.6613	Stock	899.11		0		0	0.060559	0	0	0	0	0	0		0
"CALIX, INC. (XNYS:CALX)"	CALX	Connectivity	Technology	1.5004	Stock	53.18	37.33	-44.52	0.424591481	0	0.049951	0	0	0	0	0	0	0	0
COSTCO WHOLESALE CORPORATION (XNAS:COST)	COST	Consumer Staples	Consumer Staples	1.0106	Stock	1001.16		0		0	0.011999	1200	0	0	0	0	0		0
Atmus Filtration Technologies Inc (XNYS:ATMU)	ATMU	Water Basket	Industrials	1.212	Stock	61.46	27.91	12.44	1.202078108	0	0.014694	0	0	0	0	0	0	0	0
"Wolfspeed, Inc. (XNYS:WOLF)"	WOLF	Semiconductor	Auto	5.4096	Stock	31.1	3.976666667	145.3	6.820620285	0	0	0	0	0	0	0	0	0	0
ADDUS HOMECARE CORPORATION (XNAS:ADUS)	ADUS	Geriatric	Health Care	0.9163	Stock	105.88		0		0	-0.006568	0	0	0	0	0	0		0
INFOSYS LIMITED (XNYS:INFY)	INFY	Technology	Software	0.8307	Stock	16.84		0		0	0.002381	300	0	0	0	0	0		0
iShares:China Large Cp (ARCX:FXI)	FXI	China	China	1.1393	ETF	39.22		0		0	0.026702	0	0	0	0	0	0		0
"COGENT COMMUNICATIONS HOLDINGS, INC. (XNAS:CCOI)"	CCOI	Connectivity	Technology	0.7784	Stock	24.29	69.85	39.6	-0.652254832	0	0.077162	0	0	0	0	0	0	0	0
PDD Holdings Inc. (XNAS:PDD)	PDD	China	China	-0.0178	Stock	105.23	92.05	218.65	0.143183053	0	0.036545	1390	0	0	0	0	0	0	0
"ALPHA METALLURGICAL RESOURCES, INC. (XNYS:AMR)"	AMR	Trump	Steel	0.7536	Stock	206.32	321.59	-30.59	-0.358437762	0	0.022601	0	0	0	0	0	0	0	0
ECOLAB INC. (XNYS:ECL)	ECL	Water Basket	Materials	0.9887	Stock	290.3		0		0	0.010829	0	0	0	0	0	0		0
JOHNSON & JOHNSON (XNYS:JNJ)	JNJ	Health Care	MedTech	0.3423	Stock	240		0		0	0.009294	0	0	0	0	0	0		0
Sel Sector:RE SS SPDR In (ARCX:XLRE)	XLRE	Real estate	Real estate	1.0216	ETF	41.99		0		0	0.018433	0	0	0	0	0	0		0
"CROSS COUNTRY HEALTHCARE, INC. (XNAS:CCRN)"	CCRN	Geriatric	Health Care	0.4208	Stock	8.69		0		0	-0.005721	0	0	0	0	0	0		0
DANAHER CORPORATION (XNYS:DHR)	DHR	Health Care	Health Care	0.9291	Stock	216.42		0		0	0.003105	0	0	0	0	0	0		0
PIPER SANDLER COMPANIES (XNYS:PIPR)	PIPR	Trump	Financials	1.5036	Stock	364.38		0		0	0.098755	0	0	0	0	0	0		0
THE SOUTHERN COMPANY (XNYS:SO)	SO	Nuclear	Utilities	0.4461	Stock	90.08		0		0	-0.010979	0	0	0	0	0	0		0
DECKERS OUTDOOR CORPORATION (XNYS:DECK)	DECK	Trump	Consumer Discretionary	1.1506	Stock	115.45		0		0	0.0385	0	0	0	0	0	0		0
SEAGATE TECHNOLOGY HOLDINGS PUBLIC LIMITED COMPANY (XNAS:STX)	STX	Data Storage	Memory	1.6317	Stock	429.32		0		0	0.058873	0	0	0	0	0	0		0
Biohaven Ltd. (XNYS:BHVN)	BHVN	Health Care	Health Care: Biotech	3.5389	Stock	11.6		0		0	0.078067	0	0	0	0	0	0		0
"OMEGA HEALTHCARE INVESTORS, INC. (XNYS:OHI)"	OHI	Geriatric	Health Care	0.5499	Stock	45.28	37.43	16.72	0.20972482	0	-0.006364	0	0	0	0	0	0	0	0
ALX ONCOLOGY HOLDINGS INC. (XNAS:ALXO)	ALXO	Health Care	Health Care: Biotech	0.4967	Stock	2.05		0		0	-0.004854	0	0	0	0	0	0		0
EVERCORE INC. (XNYS:EVR)	EVR	Trump	Financials	1.5616	Stock	357.73		0		0	0.018767	0	0	0	0	0	0		0
Simplify:ShTm Trs FS (ARCX:TUA)	TUA	Treasury	Treasury	5.6108	ETF	21.86	22.33884615	-19.13	-0.021435581	0	-0.002737	0	0	0	0	0	0	0	0
"RUSH STREET INTERACTIVE, INC. (XNYS:RSI)"	RSI	SmallCap	Consumer Discretionary	1.5694	Stock	17.67		0		0	0.053667	0	0	0	0	0	0		0
Invesco QQQ Trust 1 (XNAS:QQQ)	QQQ	Market	Market	1.0104	ETF	609.65		0		0	0.021138	-1212	0	0	0	0	0		0
JOHNSON CONTROLS INTERNATIONAL PUBLIC LIMITED COMPANY (XNYS:JCI)	JCI	Industrials	Industrials	1.4119	Stock	137.66	70.32	4.96	0.957622298	0	0.038787	0	0	0	0	0	0	0	0
"Essential Utilities, Inc. (XNYS:WTRG)"	WTRG	Water Basket	Utilities	0.8187	Stock	37.42	37.26	16.35	0.004294149	0	-0.007164	0	0	0	0	0	0	0	0
TE CONNECTIVITY PUBLIC LIMITED COMPANY (XNYS:TEL)	TEL	Connectivity	Technology	1.2388	Stock	215.98		0		0	0.034932	0	0	0	0	0	0		0
VERIZON COMMUNICATIONS INC. (XNYS:VZ)	VZ	Technology	Technology: Networking	0.312	Stock	46.31		0		0	-0.016773	0	0	0	0	0	0		0
"THE PNC FINANCIAL SERVICES GROUP, INC. (XNYS:PNC)"	PNC	Financials	Financials	0.9591	Stock	242.26		0		0	0.015723	0	0	0	0	0	0		0
Vale SA (XNYS:VALE)	VALE	Steel	Commodity	0.7313	Stock	16.295		0		0	0.0009214	-365	0	0	0	0	0		0
ABBOTT LABORATORIES (XNYS:ABT)	ABT	Health Care	MedTech	0.7484	Stock	110.84		0		0	0.016135	0	0	0	0	0	0		0
"Vistance Networks, Inc. (XNAS:VISN)"	VISN	Connectivity	Technology	2.4264	Stock	19	5.12	7	2.7109375	0	0.072235	0	0	0	0	0	0	0	0
STARBUCKS CORPORATION (XNAS:SBUX)	SBUX	Consumer Discretionary	Restaurant	0.9275	Stock	99.45		0		0	0.035183	-251	0	0	0	0	0		0
"FIRST CITIZENS BANCSHARES, INC. (XNAS:FCNCA)"	FCNCA	Financials	Financials	0.6622	Stock	2160.99		0		0	0.017918	0	0	0	0	0	0		0
TEXAS PACIFIC LAND CORPORATION (XNYS:TPL)	TPL	Energy	Energy	0.9148	Stock	366.27		0		0	0.060576	0	0	0	0	0	0		0
"PACIRA BIOSCIENCES, INC. (XNAS:PCRX)"	PCRX	Health Care	Health Care	0.2251	Stock	21	26.81	-27.5	-0.216710183	0	0.031434	0	0	0	0	0	0	0	0
"PAYCHEX, INC. (XNAS:PAYX)"	PAYX	Financials	Payments	0.8921	Stock	98.53		0		0	0.003667	0	0	0	0	0	0		0
CHEMED CORPORATION (XNYS:CHE)	CHE	Geriatric	Health Care	0.4518	Stock	447.74		0		0	-0.012483	0	0	0	0	0	0		0
PRIMORIS SERVICES CORPORATION (XNYS:PRIM)	PRIM	Industrials	Industrials	1.3612	Stock	160.54	53.36	116	2.00862069	0	0.08495	0	0	0	0	0	0	0	0
"AMERICAN INTERNATIONAL GROUP, INC. (XNYS:AIG)"	AIG	Insurance	Insurance	0.5967	Stock	76.72		0		0	0.010005	-170	0	0	0	0	0		0
SEANERGY MARITIME HOLDINGS CORP. (XNAS:SHIP)	SHIP	Top Stocks	Industrials	0.9832	Stock	10.67		0		0	0.036929	0	0	0	0	0	0		0
iShares:MSCI Brazil (ARCX:EWZ)	EWZ	Brazil	Brazil	1.1206	ETF	37.56		0		0	0.01761	0	0	0	0	0	0		0
"CORECIVIC, INC. (XNYS:CXW)"	CXW	Trump	Security	0.7096	Stock	18.72		0		0	0.004831	0	0	0	0	0	0		0
VISA INC. (XNYS:V)	V	Financials	Financials	0.777	Stock	331.58		0		0	0.007444	11	0	0	0	0	0		0
WELLTOWER INC. (XNYS:WELL)	WELL	Geriatric	Health Care	0.8287	Stock	195.91		0		0	0.025385	0	0	0	0	0	0		0
iShares:MSCI EM xChn (XNAS:EMXC)	EMXC	Global	Global	1.0014	ETF	81.82	60.84	-0.98	0.344838922	0	0.026857	0	0	0	0	0	0	0	0
"INDIE SEMICONDUCTOR, INC. (XNAS:INDI)"	INDI	Semiconductor	Auto	2.5374	Stock	3.95	4.830344828	-198.6	-0.182252998	0	0.085165	0	0	0	0	0	0	0	0
RIO TINTO PLC (XNYS:RIO)	RIO	Mining	Commodity	1.0614	Stock	93.41	70.03	-135.6	0.333856918	0	0.025132	0	0	0	0	0	0	0	0
MASTERCARD INCORPORATED. (XNYS:MA)	MA	Financials	Payments	0.8197	Stock	548.33		0		0	-0.006451	0	0	0	0	0	0		0
"ANALOG DEVICES, INC. (XNAS:ADI)"	ADI	Auto	Semiconductor	1.0286	Stock	320.45		0		0	-0.005184	0	0	0	0	0	0		0
Sel Sector:Fin SS SPDR I (ARCX:XLF)	XLF	Financials	Financials	0.9979	ETF	54.26	37.64375	49.01	0.441407936	0	0.018202	-65	0	0	0	0	0	0	0
"CAVCO INDUSTRIES, INC. (XNAS:CVCO)"	CVCO	SmallCap	Homebuilding	1.2997	Stock	538.73		0		0	0.030155	0	0	0	0	0	0		0
"EAST WEST BANCORP, INC. (XNAS:EWBC)"	EWBC	Financials	Financials	0.8792	Stock	122.5		0		0	0.034104	0	0	0	0	0	0		0
SPDR Gold (ARCX:GLD)	GLD	Gold and Silver	Commodity	0.8055	ETF	455.46		0		0	0.030732	228	0	0	0	0	0		0
"MOTOROLA SOLUTIONS, INC. (XNYS:MSI)"	MSI	Connectivity	Technology	0.9971	Stock	422.18		0		0	0.012058	0	0	0	0	0	0		0
"MERCK & CO., INC. (XNYS:MRK)"	MRK	Health Care	Cancer	0.2911	Stock	121.88	113.6	-28.05	0.072887324	0	0.017787	0	0	0	0	0	0	0	0
BLACKSTONE INC. (XNYS:BX)	BX	Trump	Financials	1.7713	Stock	129.69		0		0	0.02255	0	0	0	0	0	0		0
NOV INC. (XNYS:NOV)	NOV	Equipment	Energy	0.9136	Stock	18.91		0		0	0.036732	-120	0	0	0	0	0		0
REDDIT INC. (XNYS:RDDT)	RDDT	Technology	Software	2.331	Stock	139.83		0		0	-0.07428	1766	0	0	0	0	0		0
BERKSHIRE HATHAWAY INC. (XNYS:BRK.B)	BRK.B	Financials	Financials	0.6971	Stock	508.01		0		0	0.008176	0	0	0	0	0	0		0
AZZ INC. (XNYS:AZZ)	AZZ	Industrials	Industrials	1.1197	Stock	130	79.07	27.4	0.644112811	0	0.020168	0	0	0	0	0	0	0	0
"CORPAY, INC. (XNYS:CPAY)"	CPAY	Financials	Payments	0.7947	Stock	354.19		0		0	0.057284	0	0	0	0	0	0		0
SS SPDR S&P Insurance (ARCX:KIE)	KIE	Insurance	Insurance	1.0287	ETF	59.6		0		0	0.007608	0	0	0	0	0	0		0
Avidxchange Holdings Inc (XNAS:AVDX)	AVDX	Financials	Payments	1.1904	Stock	10		0		0	0	0	0	0	0	0	0		0
"SONIDA SENIOR LIVING, INC. (XNYS:SNDA)"	SNDA	Geriatric	Health Care	0.7768	Stock	34.19		0		0	0.064446	0	0	0	0	0	0		0
"NWPX INFRASTRUCTURE, INC. (XNAS:NWPX)"	NWPX	Water Basket	Industrials	0.9382	Stock	74.32	35.75	18.6	1.078881119	0	0.049273	0	0	0	0	0	0	0	0
AT&T INC. (XNYS:T)	T	Connectivity	Technology	0.3739	Stock	27.13		0		0	-0.006591	0	0	0	0	0	0		0
iShares:0-3 Month Trs Bd (ARCX:SGOV)	SGOV	Cash	Cash	0.6256	ETF	100.43	100.6391667	-60.42	-0.002078382	0	0.0002988	0	0	0	0	0	0	0	0
SS SPDR Bbg 1-3 Mo T-Bll (ARCX:BIL)	BIL	Cash	Cash	0.6886	ETF	91.44	92.01794749	-183.52	-0.006280813	0	0.0003282	0	0	0	0	0	0	0	0
iShares:MSCI Mexico (ARCX:EWW)	EWW	Trump	Mexico	0.8314	ETF	79.87		0		0	0.039568	0	0	0	0	0	0		0
"OPTION CARE HEALTH, INC. (XNAS:OPCH)"	OPCH	Geriatric	Health Care	0.8416	Stock	34		0		0	-0.004975	0	0	0	0	0	0		0
CATERPILLAR INC. (XNYS:CAT)	CAT	Industrials	Industrials	1.5443	Stock	725.79		0		0	0.069997	0	0	0	0	0	0		0
BANK OF AMERICA CORPORATION (XNYS:BAC)	BAC	Financials	Financials	1.2659	Stock	56.55		0		0	0.029305	0	0	0	0	0	0		0
Payoneer Global Inc. (XNAS:PAYO)	PAYO	Financials	Payments	1.0427	Stock	6.33		0		0	0.072881	0	0	0	0	0	0		0
VS:-1x Short VIX Futures (BATS:SVIX)	SVIX	Market	Volatility	2.8863	ETF	22.32	13.90909091	-299.7	0.604705882	0	0.058824	0	0	0	0	0	0	0	0
"ENTEGRIS, INC. (XNAS:ENTG)"	ENTG	Semiconductor	Semiconductor	1.3172	Stock	122.37	103.91	-40.24	0.177653739	0	0.109127	0	0	0	0	0	0	0	0
"SYNOPSYS, INC. (XNAS:SNPS)"	SNPS	AI	Technology	1.1357	Stock	426.88		0		0	0.040055	0	0	0	0	0	0		0
COTERRA ENERGY INC. (XNYS:CTRA)	CTRA	Energy	Energy	0.3663	Stock	30.66		0		0	0.011547	0	0	0	0	0	0		0
APPLOVIN CORPORATION (XNAS:APP)	APP	SmallCap	Software	2.5061	Stock	406.72	76.19	253.5	4.338233364	0	0.083922	0	0	0	0	0	0	0	0
CEMEX PUBLICLY TRADED STOCK CORPORATION WITH VARIABLE CAPITAL (XNYS:CX)	CX	Trump	Materials	1.3302	Stock	12.22		0		0	0.022594	0	0	0	0	0	0		0
Equinox Gold Corp. (XNYS:EQX)	EQX	Gold and Silver	Commodity	1.2609	Stock	14.56		0		0	0.05968	0	0	0	0	0	0		0
UBS Group Inc. (XNYS:UBS)	UBS	Financials	Financials	1.357	Stock	43.895		0		0	0.002856	0	0	0	0	0	0		0
ADOBE INC. (XNAS:ADBE)	ADBE	AI	Technology	1.5223	Stock	268.38		0		0	-0.003749	264	0	0	0	0	0		0
LINDSAY CORPORATION (XNYS:LNN)	LNN	Industrials	Manufacturing	0.796	Stock	134.03	134.33	-69.4	-0.002233306	0	0.009338	0	0	0	0	0	0	0	0
JFROG LTD (XNAS:FROG)	FROG	Technology	Software	1.1682	Stock	47.99		0		0	0.007135	20	0	0	0	0	0		0
JPMORGAN CHASE & CO. (XNYS:JPM)	JPM	Financials	Financials	1.0474	Stock	322.4		0		0	0.039464	-1533	0	0	0	0	0		0
MCDONALD'S CORPORATION (XNYS:MCD)	MCD	Consumer Discretionary	Restaurant	0.525	Stock	327.04		0		0	0.011005	0	0	0	0	0	0		0
BARRICK MINING CORPORATION (XNYS:B)	B	Gold and Silver	Royalty	0.9844	Stock	45.18	20.065	-238	1.251682033	0	0.027519	0	0	0	0	0	0	0	0
WEX INC. (XNYS:WEX)	WEX	Financials	Payments	0.9645	Stock	158.95		0		0	0.070082	0	0	0	0	0	0		0
SCHOLAR ROCK HOLDING CORPORATION (XNAS:SRRK)	SRRK	Health Care	Health Care: Biotech	0.6988	Stock	47.62	9.3	-170	4.120430108	0	0.071316	0	0	0	0	0	0	0	0
"ALLEGRO MICROSYSTEMS, INC (XNAS:ALGM)"	ALGM	Semiconductor	Auto	1.6273	Stock	41.57	23.66	-66.25	0.756973795	0	0.076385	204	0	0	0	0	0	0	0
KOMATSU LTD. (OTCM:KMTUY)	KMTUY	Japan	Japan	1.5489	Stock	46.28	29.41	-6.46	0.573614417	0	0.024801	0	0	0	0	0	0	0	0
VanEck:Gold Miners (ARCX:GDX)	GDX	Gold and Silver	Commodity	0.9454	ETF	97.39		0		0	0.053548	0	0	0	0	0	0		0
"ADVANCE AUTO PARTS, INC. (XNYS:AAP)"	AAP	Auto	Consumer Discretionary	1.1468	Stock	55.29	84.46	-410	-0.34537059	0	0.044587	0	0	0	0	0	0	0	0
"AXON ENTERPRISE, INC. (XNAS:AXON)"	AXON	Defense	Defense	1.4993	Stock	414.2	287.538	525.41	0.440505255	0	0.036407	0	0	0	0	0	0	0	0
"BLEND LABS, INC. (XNYS:BLND)"	BLND	Fintech	Financials	1.2452	Stock	1.99		0		0	0.047368	0	0	0	0	0	0		0
FLYWIRE CORPORATION (XNAS:FLYW)	FLYW	Financials	Payments	1.2974	Stock	11.25		0		0	0.037823	0	0	0	0	0	0		0
FABRINET (XNYS:FN)	FN	Connectivity	Technology	1.0272	Stock	504.06		0		0	0.138604	0	0	0	0	0	0		0
TOYOTA MOTOR CORPORATION (XNYS:TM)	TM	Auto	Japan	1.6212	Stock	244.33	218.6028571	-268.1	0.11768896	0	0.030102	0	0	0	0	0	0	0	0
THE MOSAIC COMPANY (XNYS:MOS)	MOS	Fertilizer	Agriculture	0.9576	Stock	28.6	32.96	-130.5	-0.132281553	0	0.030259	0	0	0	0	0	0	0	0
TEXAS INSTRUMENTS INCORPORATED (XNAS:TXN)	TXN	AI	Semiconductor	0.9921	Stock	221.44		0		0	-0.01134	0	0	0	0	0	0		0
WESTERN DIGITAL CORPORATION (XNAS:WDC)	WDC	Data Storage	Memory	1.7717	Stock	282.58		0		0	0.086053	0	0	0	0	0	0		0
"ASE Technology Holding Co., Ltd. (XNYS:ASX)"	ASX	Semiconductor	Semiconductor	1.5779	Stock	20.89		0		0	0.031096	0	0	0	0	0	0		0
"NETFLIX, INC. (XNAS:NFLX)"	NFLX	Consumer Discretionary	Technology	1.7142	Stock	82.2		0		0	0.016446	331	0	0	0	0	0		0
Invesco DB MS Agri (ARCX:DBA)	DBA	Commodity	Commodity	0.6047	ETF	25.77	24.52	12	0.050978793	0	0	0	0	0	0	0	0	0	0
LATTICE SEMICONDUCTOR CORPORATION (XNAS:LSCC)	LSCC	Semiconductor	Semiconductor	1.6668	Stock	86.41	53.6	-13.2	0.612126866	0	0.061678	0	0	0	0	0	0	0	0
VanEck:Semiconductor (XNAS:SMH)	SMH	AI	Semiconductor	1.2741	ETF	401.65		0		0	0.054006	259	0	0	0	0	0		0
Alerian MLP (ARCX:AMLP)	AMLP	Energy	Energy	0.5365	ETF	50.68	46.6	26.05	0.087553648	0	-0.0007886	0	0	0	0	0	0	0	0
FLUOR CORPORATION. (XNYS:FLR)	FLR	Industrials	Industrials	1.3803	Stock	46.92	46.83967033	205.31	0.001714992	0	0.043362	0	0	0	0	0	0	0	0
PERSIMMON PUBLIC LIMITED COMPANY (XLON:PSN)	PSN	Water Basket	Industrials	1.7726	Stock	1413.5		0		0	-0.00946	0	0	0	0	0	0		0
ICAHN ENTERPRISES UNT (XNAS:IEP)	IEP	Industrials	Energy	2	ETF	8.02		0		0	0.025575	-100	0	0	0	0	0		0
"CHIPOTLE MEXICAN GRILL, INC. (XNYS:CMG)"	CMG	Consumer Discretionary	Restaurant	0.9952	Stock	39.39		0		0	0.024447	0	0	0	0	0	0		0
TOPBUILD CORP. (XNYS:BLD)	BLD	SmallCap	Homebuilding	1.7111	Stock	517.5		0		0	0.047762	0	0	0	0	0	0		0
Glbl X Copper Miners ETF (ARCX:COPX)	COPX	Commodity	Commodity	1.2792	ETF	84.68		0		0	0.041446	0	0	0	0	0	0		0
"MARQETA, INC. (XNAS:MQ)"	MQ	Financials	Payments	1.4735	Stock	4.23	4.15	-18	0.019277108	0	0.054863	0	0	0	0	0	0	0	0
URANIUM ENERGY CORP. (XNYS:UEC)	UEC	Nuclear	Nuclear	1.2049	Stock	16.145		0		0	0.073471	0	0	0	0	0	0		0
"Energizer Holdings, Inc. (XNYS:ENR)"	ENR	Fiscal	Consumer Staples	0.6239	Stock	23.4	27.87	75.6	-0.160387513	0	0.001712	0	0	0	0	0	0	0	0
CECO ENVIRONMENTAL CORP. (XNAS:CECO)	CECO	Water Basket	Industrials	1.3627	Stock	72.37	24.99	37.95	1.895958383	0	0.063326	0	0	0	0	0	0	0	0
"Haier Smart Home Co., Ltd. (OTCM:HRSHF)"	HRSHF	China	China	1.0794	Stock	3.365		0		0	0.088116	0	0	0	0	0	0		0
"GPGI, Inc. (XNYS:GPGI)"	GPGI	Financials	Payments	0.9936	Stock	24.46		0		0	0.061171	0	0	0	0	0	0		0
"UNITED AIRLINES HOLDINGS, INC. (XNAS:UAL)"	UAL	Industrials	Airline	1.2498	Stock	115.91		0		0	0.092563	-417	0	0	0	0	0		0
ALCOA CORPORATION (XNYS:AA)	AA	Trump	Commodity	1.862	Stock	59.17		0		0	0.049486	0	0	0	0	0	0		0
CBOE MKT VOLATILITY IDX	VIX	Market	Market	2	Index	17.76		0		0	-0.184198	0	0	0	0	0	0		0
"D.R. HORTON, INC. (XNYS:DHI)"	DHI	Real estate	Real estate	1.4451	Stock	156.255		0		0	-0.011857	0	0	0	0	0	0		0
TEXAS INSTRUMENTS INCORPORATED (XNAS:TXN)	TXN	Semiconductor	Semiconductor	0.9921	Stock	221.44		0		0	-0.01134	0	0	0	0	0	0		0
TELLURIAN INC. (XNYS:TELL)	TELL	Energy	Energy	2.5621	Stock	0.999	0.6487	113.04	0.540003083	0	0	0	0	0	0	0	0	0	0
"THE GEO GROUP, INC. (XNYS:GEO)"	GEO	Trump	Security	0.7593	Stock	15.9	14.2	61.75	0.11971831	0	0.027132	0	0	0	0	0	0	0	0
EQT CORPORATION (XNYS:EQT)	EQT	Energy	Energy	0.7327	Stock	56.79	40.68	-167.8	0.396017699	0	0.026387	0	2384.514353	0.078316006	0	0	2384.514353	0	0.014906636
PERPETUA RESOURCES CORP. (XNAS:PPTA)	PPTA	Fiscal	Commodity	0.1971	Stock	28.1	8.736	2.84	2.216575092	0	0.083269	0	0	0	0	0	0	0	0
TC Energy Corporation (XNYS:TRP)	TRP	Energy	Natural Gas	0.9899	Stock	59.82		0		0	-0.001502	0	0	0	0	0	0		0
KOHL'S CORPORATION (XNYS:KSS)	KSS	Consumer Discretionary	Consumer Discretionary	1.4292	Stock	18.5	12.33	-7.2	0.500405515	0	0.044018	0	0	0	0	0	0	0	0
MAG SILVER CORP. (XNYS:MAG)	MAG	Gold and Silver	Commodity	1.0036	Stock	24.47	12.84	-0.06	0.90576324	0	0	0	0	0	0	0	0	0	0
Tencent Holdings Limited (OTCM:TCEHY)	TCEHY	China	China	1.3661	Stock	71.49		0		0	0.023332	0	0	0	0	0	0		0
TEXAS INSTRUMENTS INCORPORATED (XNAS:TXN)	TXN	Semiconductor	Semiconductor	0.9921	Stock	221.44		0		0	-0.01134	0	0	0	0	0	0		0
"SilverBow Resources, Inc. (XNYS:SBOW)"	SBOW	Energy	Energy	2.5949	Stock	36.82	31.69006919	-253.2055	0.161878183	0	0	0	0	0	0	0	0	0	0
Tuya Inc. (XNYS:TUYA)	TUYA	China	China	0.4481	Stock	2.16		0		0	0.043478	0	0	0	0	0	0		0
SS SPDR S&P Aero&Def (XMEX:XAR*)	XAR*	Defense	Defense	2	ETF	5144		0		0	0.318974	0	0	0	0	0	0		0
"POWER SOLUTIONS INTERNATIONAL, INC. (XNAS:PSIX)"	PSIX	Top Stocks	Industrials	2.0544	Stock	80.97		0		0	0.191611	0	0	0	0	0	0		0
"SPRINGWORKS THERAPEUTICS, INC. (XNAS:SWTX)"	SWTX	Health Care	Health Care: Biotech	0.685	Stock	46.99		0		0	0	0	0	0	0	0	0		0
"SHOALS TECHNOLOGIES GROUP, INC. (XNAS:SHLS)"	SHLS	Solar	Industrials	1.6997	Stock	10.29	6.79	-33.4	0.515463918	0	0.066321	0	0	0	0	0	0	0	0
THE WALT DISNEY COMPANY (XNYS:DIS)	DIS	Consumer Discretionary	Entertainment	1.4209	Stock	108.7		0		0	0.035534	0	0	0	0	0	0		0
Nextpower Inc. (XNAS:NXT)	NXT	Industrials	Electronics	1.478	Stock	121.37	50.84333333	-407.31	1.387136957	0	0.060556	0	0	0	0	0	0	0	0
"TPI COMPOSITES, INC. (OTCM:TPICQ)"	TPICQ	Industrials	Industrials	2.0073	Stock	0.012	4.73	-7.26	-0.997463002	0	0.176471	0	0	0	0	0	0	0	0
United States Oil Fund (ARCX:USO)	USO	Energy	Energy	1.0368	ETF	76.99		0		0	0.003912	0	0	0	0	0	0		0
DIGIMARC CORPORATION (XNAS:DMRC)	DMRC	Technology	Technology	1.6589	Stock	5.41		0		0	0.058708	0	0	0	0	0	0		0
"EOG RESOURCES, INC. (XNYS:EOG)"	EOG	Energy	Energy	0.4605	Stock	113.69	119.076	-20.06	-0.045231617	0	0.010668	268	0	0	0	0	0	0	0
Valaris Limited (XNYS:VAL)	VAL	Energy	Energy	1.1758	Stock	62.41	62.7615625	-330.61	-0.005601557	0	0.072153	0	0	0	0	0	0	0	0
EXXON MOBIL CORPORATION (XNYS:XOM)	XOM	Energy	Energy	0.3546	Stock	149.03	108.3528571	183.3	0.375413662	0	0.020194	0	0	0	0	0	0	0	0
HALLIBURTON COMPANY (XNYS:HAL)	HAL	Energy	Energy	0.7456	Stock	34.98	37.92	-98.85	-0.077531646	0	0.033688	0	0	0	0	0	0	0	0
WESTERN DIGITAL CORPORATION (XNAS:WDC)	WDC	AI	Memory	1.7717	Stock	282.58		0		0	0.086053	0	0	0	0	0	0		0
GLOBALFOUNDRIES INC. (XNAS:GFS)	GFS	Semiconductor	Semiconductor	1.4912	Stock	42.91		0		0	0.047352	0	0	0	0	0	0		0
Franco-Nevada Corporation (XNYS:FNV)	FNV	Gold and Silver	Commodity	0.8303	Stock	232.08	125.92625	-275.34	0.842983492	0	0.034271	0	0	0	0	0	0	0	0
"ARS PHARMACEUTICALS, INC. (XNAS:SPRY)"	SPRY	Health Care	Health Care	0.768	Stock	10.03	11.48	0.8	-0.12630662	0	0.037229	0	0	0	0	0	0	0	0
HARMONIC INC. (XNAS:HLIT)	HLIT	Connectivity	Technology	1.0496	Stock	10.1		0		0	0.049896	0	0	0	0	0	0		0
FORTREA HOLDINGS INC. (XNAS:FTRE)	FTRE	Health Care	Health Care	1.567	Stock	14.65	19.01	-725.5	-0.229352972	0	0.061594	0	0	0	0	0	0	0	0
GENERAL MOTORS COMPANY (XNYS:GM)	GM	Auto	Auto	1.3653	Stock	84.235	52.515	-86.9	0.6040179	0	0.011224	455	0	0	0	0	0	0	0
"ALIGN TECHNOLOGY, INC. (XNAS:ALGN)"	ALGN	Health Care	Health Care	1.8122	Stock	187.6	230.82	-45.22	-0.187245473	0	0.068215	0	0	0	0	0	0	0	0
ARM HOLDINGS PLC (XNAS:ARM)	ARM	AI	Semiconductor	1.775	Stock	123.7		0		0	0.11562	68	0	0	0	0	0		0
"FORMFACTOR, INC. (XNAS:FORM)"	FORM	Semiconductor	Semiconductor	1.0736	Stock	90.29	51.46	-112.56	0.754566654	0	0.076547	0	0	0	0	0	0	0	0
"RAPID7, INC. (XNAS:RPD)"	RPD	Technology	Software	0.8208	Stock	10.81	43.9	-236.16	-0.753758542	0	0.028544	0	0	0	0	0	0	0	0
Portillos Inc (XNAS:PTLO)	PTLO	Consumer Discretionary	Restaurant	1.7477	Stock	5.96	9.57	771.5	-0.377220481	0	0.036522	0	0	0	0	0	0	0	0
"SOUNDHOUND AI, INC. (XNAS:SOUN)"	SOUN	AI	AI	2.8829	Stock	8.56	5.11	328.8	0.675146771	0	0.164626	0	0	0	0	0	0	0	0
First Majestic Silver Corp. (XNYS:AG)	AG	Gold and Silver	Commodity	1.5278	Stock	21.99	7.68	-75.85	1.86328125	0	0.085926	0	0	0	0	0	0	0	0
"MACOM TECHNOLOGY SOLUTIONS HOLDINGS, INC. (XNAS:MTSI)"	MTSI	AI	Semiconductor	1.423	Stock	235.87	137.48	-41.13	0.715667733	0	0.035426	0	0	0	0	0	0	0	0
"DOUGLAS DYNAMICS, INC. (XNYS:PLOW)"	PLOW	SmallCap	Industrials	1.2476	Stock	40.37	28.15	-101.6	0.43410302	0	0.022802	0	0	0	0	0	0	0	0
"CISCO SYSTEMS, INC. (XNAS:CSCO)"	CSCO	Connectivity	Technology	0.8569	Stock	84.82	51.02086957	232.19	0.662456966	0	0.029869	525	0	0	0	0	0	0	0
VALERO ENERGY CORPORATION (XNYS:VLO)	VLO	Energy	Refinery	0.7111	Stock	202.76		0		0	0.044401	-244	0	0	0	0	0		0
"SYNDAX PHARMACEUTICALS, INC. (XNAS:SNDX)"	SNDX	Health Care	Health Care: Biotech	0.4328	Stock	21.01	19.15	-185	0.097127937	0	0.04268	0	0	0	0	0	0	0	0
CENTRUS ENERGY CORP. (XNYS:LEU)	LEU	Nuclear	Nuclear Fuel	1.2235	Stock	263.67	77.775	155.7	2.390163934	0	0.08914	0	0	0	0	0	0	0	0
CVS HEALTH CORPORATION (XNYS:CVS)	CVS	Health Care	Health Care	0.4959	Stock	78.3	58.76403846	133.13	0.332447566	0	0.025809	-446	0	0	0	0	0	0	0
"LIGHTWAVE LOGIC, INC. (XNAS:LWLG)"	LWLG	Connectivity	Technology	3.0982	Stock	3.29	4.17	-319.2	-0.211031175	0	0.094842	0	0	0	0	0	0	0	0
"AXCELIS TECHNOLOGIES, INC. (XNAS:ACLS)"	ACLS	Semiconductor	Semiconductor	1.7645	Stock	86.08	128.34	-475.09	-0.329281596	0	0.056326	0	0	0	0	0	0	0	0
APA CORPORATION (XNAS:APA)	APA	Energy	Energy	0.694	Stock	27.46	27.13641311	-109.653	0.011924453	0	0.037009	0	0	0	0	0	0	0	0
"ENPHASE ENERGY, INC. (XNAS:ENPH)"	ENPH	Industrials	Electronics	1.3326	Stock	49.8	70.56	-54.32	-0.294217687	0	0.053522	0	0	0	0	0	0	0	0
908 DEVICES INC. (XNAS:MASS)	MASS	Health Care	Health Care	0.4815	Stock	6.55	2.16	184.8	2.032407407	0	0.056452	0	0	0	0	0	0	0	0
"RxSight, Inc. (XNAS:RXST)"	RXST	Health Care	Health Care	1.1332	Stock	8.39	28.49	23.7	-0.705510706	0	0.07289	0	0	0	0	0	0	0	0
WAVE Life Sciences Ltd. (XNAS:WVE)	WVE	Health Care	Health Care	-1.7663	Stock	13.45	11	56	0.222727273	0	0.054902	0	0	0	0	0	0	0	0
"PERSONALIS, INC. (XNAS:PSNL)"	PSNL	Health Care	Health Care	2.036	Stock	8.055	5.51	-121.5	0.461887477	0	0.086312	0	0	0	0	0	0	0	0
"HEALTHEQUITY, INC. (XNAS:HQY)"	HQY	Health Care	Health Care	0.252	Stock	79.45		0		0	0.002903	0	0	0	0	0	0		0
"NEUROPACE, INC. (XNAS:NPCE)"	NPCE	Health Care	Health Care	1.8566	Stock	15.67	13.25478261	-50.95	0.182214787	0	0.01162	0	0	0	0	0	0	0	0
SCIENCE APPLICATIONS INTERNATIONAL CORPORATION (XNAS:SAIC)	SAIC	SmallCap	Technology	0.2963	Stock	98.36		0		0	0.013707	0	0	0	0	0	0		0
STMicroelectronics NV (XNYS:STM)	STM	Semiconductor	Auto	1.2751	Stock	29.835		0		0	0.029503	0	0	0	0	0	0		0
"APPLIED MATERIALS, INC. (XNAS:AMAT)"	AMAT	Semiconductor	Semiconductor	1.6783	Stock	322.51		0		0	0.060923	-1490	0	0	0	0	0		0
Infineon Technologies AG (OTCM:IFNNY)	IFNNY	Semiconductor	Auto	1.7309	Stock	49.95		0		0	0.030747	0	0	0	0	0	0		0
"MONOLITHIC POWER SYSTEMS, INC. (XNAS:MPWR)"	MPWR	Semiconductor	Power Component	1.446	Stock	1229.82		0		0	0.063867	0	0	0	0	0	0		0
ARCHROCK INC. (XNYS:AROC)	AROC	Energy	Natural Gas	0.8991	Stock	32.05		0		0	0.042615	0	0	0	0	0	0		0
"KODIAK GAS SERVICES, INC. (XNYS:KGS)"	KGS	Energy	Natural Gas	0.844	Stock	49.91		0		0	0.054957	0	0	0	0	0	0		0
MPLX COM UNT (XNYS:MPLX)	MPLX	Energy	Energy	2	ETF	55.99	52	-0.03	0.076730769	0	-0.007621	0	0	0	0	0	0	0	0
"VIASAT, INC. (XNAS:VSAT)"	VSAT	Industrials	Space	1.4632	Stock	41.7	11.98	-139.2	2.480801336	0	0.113782	0	0	0	0	0	0	0	0
ONTO INNOVATION INC. (XNYS:ONTO)	ONTO	Semiconductor	Semiconductor	1.4777	Stock	208.5	184.33	-172.17	0.131123528	0	0.103992	0	0	0	0	0	0	0	0
"UIPATH, INC. (XNYS:PATH)"	PATH	AI	AI Agents	1.0664	Stock	12.89	13.66095541	-154.86	-0.056434956	0	0.067053	0	0	0	0	0	0	0	0
"AUTODESK, INC. (XNAS:ADSK)"	ADSK	Technology	AI Agents	1.4566	Stock	240.4	327.81	-73.79	-0.266648363	0	0.009829	0	0	0	0	0	0	0	0
"PH RESORTS GROUP HOLDINGS, INC. (XPHS:PHR)"	PHR	Health Care	AI Agents	0.6007	Stock	0.137	28.28	-43.6	-0.995155587	0	0	0	0	0	0	0	0	0	0
VEEVA SYSTEMS INC. (XNYS:VEEV)	VEEV	Health Care	AI Agents	1.0871	Stock	183.495	232.58	-7.24	-0.211045662	0	-0.001931	0	0	0	0	0	0	0	0
TRIMBLE INC. (XNAS:TRMB)	TRMB	AI	AI Agents	1.5763	Stock	66.15	74.81	-20.16	-0.115759925	0	0.033917	0	0	0	0	0	0	0	0
"CONFLUENT, INC. (XNAS:CFLT)"	CFLT	AI	AI Agents	0.9514	Stock	30.57	32.065	-158.55	-0.046624045	0	0.006917	0	0	0	0	0	0	0	0
OPEN LENDING CORPORATION (XNAS:LPRO)	LPRO	Financials	Financials	2.0178	Stock	1.69	6.53	-273	-0.741194487	0	0.005952	0	0	0	0	0	0	0	0
DRAFTKINGS INC. (XNAS:DKNG)	DKNG	Consumer Discretionary	Consumer Discretionary	1.6504	Stock	26.62	41.78	8.8	-0.36285304	0	0.043103	0	0	0	0	0	0	0	0
"CERTARA, INC. (XNAS:CERT)"	CERT	Health Care	AI Agents	1.4937	Stock	7.23	13.85285714	-144.4	-0.478086006	0	-0.020325	0	0	0	0	0	0	0	0
TELEDYNE TECHNOLOGIES INCORPORATED (XNYS:TDY)	TDY	Defense	Drone	1.0096	Stock	647.56	508.58	-29.46	0.273270675	0	0.030375	0	0	0	0	0	0	0	0
"Teladoc Health, Inc. (XNYS:TDOC)"	TDOC	Health Care	AI Agents	2.1453	Stock	5.015	12.36481013	-760.24	-0.594413505	0	0.060254	0	0	0	0	0	0	0	0
"AVITA MEDICAL, INC. (XNAS:RCEL)"	RCEL	Health Care	Health Care	1.81	Stock	3.9	10.68352941	-172.28	-0.634952098	0	-0.007634	0	0	0	0	0	0	0	0
"THE HOME DEPOT, INC. (XNYS:HD)"	HD	Real estate	Homebuilding	1.0862	Stock	385.25		0		0	0.007532	1151	0	0	0	0	0		0
THE CIGNA GROUP (XNYS:CI)	CI	Health Care	Health Care	0.2766	Stock	291.9		0		0	0.025902	-226	0	0	0	0	0		0
"LIQUIDITY SERVICES, INC. (XNAS:LQDT)"	LQDT	Industrials	Technology	1.0662	Stock	32.51	33.03	-45.3	-0.015743264	0	-0.013354	0	0	0	0	0	0	0	0
"BUILDERS FIRSTSOURCE, INC. (XNYS:BLDR)"	BLDR	Real estate	Real estate	1.5402	Stock	124.48		0		0	0.036815	-240	0	0	0	0	0		0
Kyivstar Group Ltd (XNAS:KYIV)	KYIV	Global	Global	2	Stock	12.27	12.26157895	75.36	0.000686784	0	0.037194	0	0	0	0	0	0	0	0
"THE TJX COMPANIES, INC. (XNYS:TJX)"	TJX	Consumer Discretionary	Consumer Discretionary	0.7347	Stock	155.805		0		0	0.002606	-37	0	0	0	0	0		0
"DOORDASH, INC. (XNAS:DASH)"	DASH	Consumer Discretionary	Consumer Discretionary	1.8059	Stock	182.47		0		0	-0.00756	-67	0	0	0	0	0		0
ProShares:UltP QQQ (XNAS:TQQQ)	TQQQ	Market	Market	3.0723	ETF	50.59	45.54	92.7	0.110891524	0	0.061923	0	0	0	0	0	0	0	0
REDFIN CORPORATION (XNAS:RDFN)	RDFN	Real estate	Real estate	2.3729	Stock	11.19	8.2	193.8	0.364634146	0	0	0	0	0	0	0	0	0	0
"DOXIMITY, INC. (XNYS:DOCS)"	DOCS	Health Care	Software	1.4093	Stock	27.73		0		0	-0.167767	473	0	0	0	0	0		0
iShares:iBoxx $HY Corp (ARCX:HYG)	HYG	Market	Market	1.0568	ETF	80.81		0		0	0.003477	37	0	0	0	0	0		0
VIX Securities Joint Stock Company (XSTC:VIX)	VIX	Market	Market	3.0997	Stock	21200		0		0	-0.045045	-5	0	0	0	0	0		0
"XPO, INC. (XNYS:XPO)"	XPO	Transportation	Transportation	2.022	Stock	203.59		0		0	0.096811	-464	0	0	0	0	0		0
iShares Bitcoin Trust (XNAS:IBIT)	IBIT	Crypto	Crypto	2	ETF	39.68		0		0	0.099169	-42	0	0	0	0	0		0
ABBVIE INC. (XNYS:ABBV)	ABBV	Health Care	Health Care	0.3351	Stock	223.43		0		0	0.020135	-241	0	0	0	0	0		0
"GILEAD SCIENCES, INC. (XNAS:GILD)"	GILD	Health Care	Health Care	0.3806	Stock	152.5		0		0	0.020955	-266	0	0	0	0	0		0
APPLE INC. (XNAS:AAPL)	AAPL	AI	Phone	1.1002	Stock	278.12	232.26	7.24	0.197451132	0	0.00801	-154	0	0	0	0	0	0	0
PALANTIR TECHNOLOGIES INC. (XNAS:PLTR)	PLTR	AI	AI	1.6986	Stock	135.9	27.21	72.6	3.994487321	0	0.045304	-492	0	0	0	0	0	0	0
"RED CAT HOLDINGS, INC. (XNAS:RCAT)"	RCAT	Industrials	Drone	1.3594	Stock	12.63	7.49	-6.8	0.686248331	0	0.116711	0	0	0	0	0	0	0	0
State Street SPDR S&P500 (ARCX:SPY)	SPY	Market	Market	0.9986	ETF	690.62		0		0	0.019185	-5077	0	0	0	0	0		0
"UBER TECHNOLOGIES, INC. (XNYS:UBER)"	UBER	Robotics	Robotics	1.2136	Stock	74.73		0		0	-0.006382	0	0	0	0	0	0		0
"SHARPLINK GAMING, INC. (XNAS:SBET)"	SBET	Crypto	Crypto Treasury	3.366	Stock	7.03	13.92	571.78	-0.494971264	0	0.158155	0	0	0	0	0	0	0	0
iShares:Gl Cl Energy (XNAS:ICLN)	ICLN	Energy	Clean Energy	1.0027	ETF	18.61		0		0	0.027609	45	0	0	0	0	0		0
"BITMINE IMMERSION TECHNOLOGIES, INC. (XNYS:BMNR)"	BMNR	Crypto	Crypto Treasury	1.2651	Stock	20.45	37.64526316	824.84	-0.456770964	0	0.175287	0	0	0	0	0	0	0	0
"LARIMAR THERAPEUTICS, INC. (XNAS:LRMR)"	LRMR	Health Care	Health Care	1.0051	Stock	3.37	3.46	26	-0.026011561	0	0.09772	0	0	0	0	0	0	0	0
THE PROGRESSIVE CORPORATION (XNYS:PGR)	PGR	Insurance	Insurance	0.3226	Stock	202.29	246.04	3.9	-0.177816615	0	-0.02539	0	0	0	0	0	0	0	0
"ULTRA CLEAN HOLDINGS, INC. (XNAS:UCTT)"	UCTT	Semiconductor	Semiconductor equipment	1.9887	Stock	48.29	25.49594595	-71.63	0.894026607	0	0.101003	0	0	0	0	0	0	0	0
"LUCID GROUP, INC. (XNAS:LCID)"	LCID	Auto	Auto	1.1111	Stock	10.86	3.21	-58.5	2.38317757	0	0.139559	0	0	0	0	0	0	0	0
"SKYWATER TECHNOLOGY, INC. (XNAS:SKYT)"	SKYT	Semiconductor	Semiconductor: Foundry	3.5173	Stock	30.35	10.26	-40.74	1.958089669	0	0.066784	0	0	0	0	0	0	0	0
GALAXY DIGITAL INC. (NEOE:GLXY)	GLXY	Crypto	Crypto Treasury	3.7889	Stock	26.96	28.1	-18.6	-0.040569395	0	0.169124	0	0	0	0	0	0	0	0
RESMED INC. (XNYS:RMD)	RMD	Health Care	Health Care: Equipment	0.8724	Stock	271.64		0		0	0.017188	34	0	0	0	0	0		0
"IONQ, INC. (XNYS:IONQ)"	IONQ	Technology	Technology: Quantum Computing	2.6194	Stock	34.98		0		0	0.149523	0	0	0	0	0	0		0
"DUOLINGO, INC. (XNAS:DUOL)"	DUOL	Education	Education	0.8624	Stock	119.4	249.8124242	-629.52	-0.522041386	0	0.044254	0	0	0	0	0	0	0	0
"PALO ALTO NETWORKS, INC. (XNAS:PANW)"	PANW	Technology	Cyber Security	0.7624	Stock	159.32		0		0	0.029398	-90	0	0	0	0	0		0
"AMTECH SYSTEMS, INC. (XNAS:ASYS)"	ASYS	Semiconductor	Semiconductor equipment	1.6697	Stock	11.12	9.14	-196.35	0.216630197	0	-0.299307	0	0	0	0	0	0	0	0
Sharps Technology Inc (XNAS:STSS)	STSS	Crypto	Crypto Treasury	2.2099	Stock	1.65	8.35	-340	-0.80239521	0	0.157895	0	0	0	0	0	0	0	0
"INTUITIVE SURGICAL, INC. (XNAS:ISRG)"	ISRG	Health Care	Robotics	1.6658	Stock	488.15	449.3	128.11	0.086467839	0	0.024836	0	0	0	0	0	0	0	0
"LIFEWAY FOODS, INC. (XNAS:LWAY)"	LWAY	Consumer Staples	Consumer Staples	0.1286	Stock	21.46	25.73	-11.04	-0.165954139	0	-0.002325	0	0	0	0	0	0	0	0
TARGET CORPORATION (XNYS:TGT)	TGT	Consumer Staples	Consumer Staples	1.1245	Stock	115.55	88.64	6.06	0.303587545	0	0.0424	0	0	0	0	0	0	0	0
Transocean Ltd (XNYS:RIG)	RIG	Energy	Energy	1.452	Stock	5.385	3.36	-42	0.602678571	0	0.090081	0	0	0	0	0	0	0	0
KOPIN CORPORATION (XNAS:KOPN)	KOPN	Defense	Semiconductor	2.8534	Stock	2.41	3.59	-174	-0.328690808	0	0.110599	0	0	0	0	0	0	0	0
PAGAYA TECHNOLOGIES LTD (XNAS:PGY)	PGY	Financials	Financials	5.8822	Stock	18.64	28.68416667	-755.2	-0.350164144	0	0.11952	0	0	0	0	0	0	0	0
"ASTRANA HEALTH, INC. (XNAS:ASTH)"	ASTH	Health Care	Health Care	0.912	Stock	21.1	33.64612903	-319.18	-0.372884768	0	-0.028098	0	0	0	0	0	0	0	0
"CAVA GROUP, INC. (XNYS:CAVA)"	CAVA	Consumer Discretionary	Restaurant	2.021	Stock	69.96	48.39277778	246.25	0.445670268	0	0.083811	0	0	0	0	0	0	0	0
SITIME CORPORATION (XNAS:SITM)	SITM	Semiconductor	Semiconductor	2.5297	Stock	418.69	324.92	29.06	0.288594115	0	0.020473	0	0	0	0	0	0	0	0
"RIGEL PHARMACEUTICALS, INC. (XNAS:RIGL)"	RIGL	Health Care	Health Care: Biotech	1.0996	Stock	34.15	38.47082127	-67.4617362	-0.112314246	1.53506E-14	0.027995	0	0	0	-3.55271E-15	-1.21325E-13	-1.21325E-13	-1.36676E-13	-7.58456E-19
INTEL CORPORATION (XNAS:INTC)	INTC	AI	Semiconductor	1.3668	Stock	50.59	29.14505393	-1846.809951	0.735800528	-0.072076464	0.048715	4779	8075.658467	0.265233596	-0.003361	-0.17003299	8075.488434	-0.097956526	0.050483389